id,threat,condition,ability,age,sex,att_check,complete,distract,thr_sub01,thr_sub02,thr_sub03,thr_sub04,thr_sub05
1,-0.19379613626569583,1,-1.300886479611973,12.15496181929484,male,1,1,0,-0.14195703462255743,-0.8614791905599914,-1.702350718069379,-2.864312655843648,-4.776217486221654
2,-1.4296314880401415,1,0.6115582028815704,12.762964087771252,female,1,1,0,-0.4646465847302536,-1.444498623688624,-3.0450005283089676,-4.357022337648496,-6.983233070123573
3,1.6822253624303216,-1,-2.0206847769152176,12.267351225949824,female,1,1,0,-0.16292981270423487,-0.5731592853441717,-1.4256080875211463,-0.5582608975109968,-0.8844659133015658
4,-0.40683559804992103,-1,-0.5940468337549103,14.313686875859275,male,1,1,0,1.319245375990174,-0.733336901536215,0.923999814255979,-0.06733674483305663,1.0214650494568414
5,0.20790057888270297,1,-0.26697383571718225,12.17786025814712,male,1,1,0,0.3908599843120038,0.5917165209514399,0.3268112057821284,1.6655975629384696,1.418987491318542
6,1.1248403892719183,1,0.5813308867722657,13.04122784268111,female,1,1,0,-1.0355845420821457,-0.8533059349634158,-1.1232739793621105,-2.4974439863295324,-5.326950131986354
7,0.3590134714088981,1,1.383631753161665,13.162840708857402,male,1,1,0,0.24466153838947088,-1.54073566882131,0.6919009013497155,0.11356821416337291,0.7450444871136674
8,0.02928769566839905,1,0.9177643786154592,12.113131190417334,male,1,1,0,1.501133317134785,1.915866960885956,2.9249854910578597,4.229392349281458,8.624122535401682
9,-1.276615959966953,-1,-0.0352351328600945,14.767970297019929,male,1,1,0,0.7328718151737997,2.4463878143286046,1.2078857247024064,3.5041617717796982,7.074078442149703
10,-1.62644639823006,1,1.6193187901297572,14.210296927951276,female,1,1,0,2.710426579241248,2.9799184994488552,4.9826780682339225,7.44686459478163,16.69307694740123
11,-0.28625676164327474,-1,1.2585051199467157,12.984338883077726,female,1,1,0,1.7045335201602798,0.6919810461253619,1.8939788522436911,4.395366437103654,6.857166732504207
12,0.39184158511349415,-1,-0.3940019373276268,14.985295816557482,male,1,1,0,-1.6061038295145942,-1.8533943895939744,-1.5668052355717914,-2.539471079279883,-5.417961272126736
13,-0.3768007756370389,1,0.2819311298353538,12.454159663058816,female,1,1,0,-0.04094395258952719,-0.01920020212361694,-1.5664232256411792,-1.804946120861092,-1.8147185323535016
14,1.0852916781326636,-1,-1.8037295754799207,14.878570871427655,female,1,1,0,0.8888912676533569,0.7196403282992418,3.007652283941737,3.352351544913327,4.775763734682857
15,-0.47505765574587466,-1,0.5679890228633372,12.435761714586988,female,1,1,0,0.49664877517298217,0.16970545128538625,0.24979757492071888,1.0074346527251392,1.1521477021119877
16,0.6227556093047858,-1,-1.3404072281973676,12.889540564035997,male,1,1,0,0.3836196416040582,1.759496345130977,2.840250417903113,2.771817852154189,4.027846986574817
17,-0.9089959561851664,1,0.3754168519372933,12.612656570971012,female,1,1,0,0.6145115760924402,-0.9972603969755772,0.513881754802771,1.3629132196394238,1.27457109656666
18,1.159947479723512,-1,0.34723987353938496,13.715592396911234,female,1,1,0,-0.6348238542595173,-1.3772045704718754,-3.202443761439512,-2.692953348633733,-6.424300952623159
19,1.0476067035370478,-1,0.35579162873720227,14.44780950481072,female,1,1,0,-1.026415386655652,-0.9410714433013224,-1.7941800636555223,-0.9397229042698308,-4.174300435977118
20,-0.23071121445696055,1,0.01844120114338844,13.266847930150108,male,1,1,0,0.503339818139546,-0.665094448461848,-0.0801841989304064,-0.5991522972656571,0.22013412442856103
21,0.2097609242730761,1,-0.6812887899234581,12.832040226319805,female,1,1,0,-1.4671722771746785,-0.7728241658191194,-1.0045458913450824,-1.5993472049061412,-3.5912048261192915
22,-1.295541463377263,-1,0.12328967560250093,13.67910644528456,female,1,1,0,-0.442508391934981,-0.7683371230735452,-1.293608187263201,-2.8280667305404226,-1.7524246334535114
23,1.53336409732431,1,-1.9923736181871556,12.107718037907034,male,1,1,0,-0.03476239233366068,-0.6988603277968447,-0.22695885492349,-1.868006128430831,-2.5017820943643825
24,1.1927615425762563,-1,-0.12594429604986573,13.652961482293904,male,1,1,0,-1.7107851741416773,-2.819347726543086,-4.458548055992678,-8.160601035274068,-13.579116447696284
25,1.0308289170921583,-1,0.538434418279744,13.05628647375852,female,1,1,1,-0.8811126180001501,0.2518513576267264,0.0379847092539024,-1.5558516590251874,-3.267057349859467
26,0.20078479483467793,1,1.3630420765200215,14.99105863762088,male,1,1,0,2.379781918267921,3.0463740764548515,3.780195518219627,9.288681828711312,15.35677915548137
27,2.777730958182846,1,-0.7903427463093821,13.561806817771869,male,1,1,0,0.44646521151637103,0.05825386498554985,1.7935324024155408,2.4114908653735077,2.337620988016264
28,-0.942591278291134,-1,-0.6037569663314706,14.676705800229684,female,1,1,0,-0.3230595046760322,0.06030399912949613,0.4254186243854387,0.37848019125629245,0.726585569847971
29,-1.4839391404994249,1,0.24321608534340464,13.442718805745244,male,1,1,1,0.9774130242968074,1.6303053684848938,1.0474577407200143,3.4802189867586852,5.7672978822673215
30,1.1620388811216973,-1,-0.01449115571557231,14.071583985351026,male,1,1,0,0.16506307486979457,-0.12841586085585607,1.884570211267812,1.5380471632605657,2.8954504121693088
31,1.020838311262196,-1,-0.2853018709408749,13.838610218837855,male,1,1,0,1.0754509634398737,1.7538941652766546,3.257267745668969,5.346620181913679,10.376865779472586
32,-0.9144659493332926,1,0.4239358133749685,12.978417977225035,male,1,1,0,-1.419549729049498,0.3886722689774822,-0.7490266475097109,-1.6302133355095183,-1.0127384263194783
33,-0.01540870997939196,-1,0.4200459902045519,14.429706843802704,male,1,1,0,0.907072004563528,1.7036370759495485,3.4751431495419514,3.726467281168249,6.111837518281575
34,-0.739848387378175,-1,-2.2488166875267424,14.991217443952335,male,1,1,0,-0.5007193987434545,0.16911831936643906,0.530121115010142,-1.5783091140124794,0.17558304960941307
35,-0.5403358323818682,1,2.5003765739202324,12.588659571949393,female,1,1,0,-0.3845805100889535,-0.22969781199514144,-1.3658462834071572,0.1601442655250953,-2.101193898327004
36,2.017265873814087,1,-1.8284591526698373,13.14249165239744,female,1,1,0,1.0133591084850084,3.018322950442444,2.3494036258033493,5.840734370230923,8.33799355800225
37,-0.4856015849626699,-1,-1.0936151161452874,13.355283274082469,male,1,1,0,0.10225762933267273,-0.7066124703042915,-1.2144585900767542,-2.416765476069429,-4.07337485911704
38,1.0766283474182747,-1,-0.7035556531913704,12.42616130062379,female,1,1,0,-0.8474996777420805,1.9553420087274,1.9156240498416084,0.5217743341201653,3.6964193614999337
39,0.4167584387123301,1,-1.5621056088124456,13.550648214993998,female,1,1,0,0.6377196564921317,-0.02951105087313643,1.2687579454950373,3.7051765824299103,5.768688852365988
40,0.7002462520996742,-1,-0.11092924632158188,12.497021419694647,female,1,1,0,-0.3377486013444899,-1.890559729942625,-1.1043769237036072,-3.6178307243265606,-6.238308353936294
41,-0.658227183573721,-1,0.7294777367650707,13.813631592085583,male,1,1,0,0.6540095578126581,1.392704519295925,2.0956427738921426,2.34082809503001,5.2449783662192
42,0.03334667636362429,-1,2.3775916117755633,12.45450501772575,female,1,1,0,2.1591936387559008,1.045811112429948,3.60698389104952,5.222565673269776,9.878186203316044
43,0.6772212768961472,-1,0.4226842709804571,14.93788291560486,male,1,1,0,-0.6656474508810472,-0.1236495273862322,-1.109589309092709,-0.8190352892391108,-2.5644003915414295
44,-0.34812278869593627,1,0.3070437279758148,12.385126175824553,male,1,1,1,-0.30255905609460154,-0.11370440267090814,-0.8264518519465545,-0.5797914251455843,-1.9337327997825824
45,-0.15175808359174528,-1,-0.18127037207785532,13.001288754399866,female,1,1,0,0.4692667544467704,0.4896720874509372,0.13896494963708383,2.063121548026226,1.9163662672917776
46,0.38338001146809175,1,-0.15179379968214096,12.482874895446002,female,1,1,0,-0.22366642667630357,-2.255963369100529,-0.6101868265414732,-3.989263354331869,-7.334411344277049
47,-0.8373204448950635,1,0.5755259907732319,13.70215579890646,female,1,1,0,-0.28985765390243606,-0.6913308488424486,-0.3078531356967877,-1.8371374339309088,-2.8655871257806056
48,-0.42257969250531385,-1,0.8950450705662515,12.259863554500043,female,1,1,0,-0.3724502259086796,-0.8238680990898992,-0.9498013311633684,-3.0290724538353544,-4.203992919712881
49,-0.6109954766797985,1,1.798644753379169,13.58532921038568,female,1,1,0,0.15655040120843325,-0.19185117653924236,0.6803226230956962,1.1691793471379175,0.5900374154584167
50,0.5875306881503779,1,0.810298222897825,14.906540540512651,male,1,1,1,-0.2510784735502915,2.302927750754616,0.9840637412185326,3.065226413632407,6.494879158735432
51,0.6556966116226793,1,0.31173287531255744,13.123033047420904,male,0,1,0,-0.3011387458671013,-0.748109907891674,-0.6246624445404388,0.9547951733122048,-0.8835329875611335
52,0.08912908864360276,1,0.6039077082684086,12.687038185307756,male,1,1,0,-0.8958553008740503,-0.3600937969479673,-0.5162450346126459,-2.821909067129848,-4.381010856339559
53,0.6403269629244872,1,-2.117649130244965,14.873563727131112,female,1,1,0,-0.40491748454664017,-0.8686027135277864,0.15209326951625934,-1.925840050635184,-1.216191059457493
54,-0.6855666779411087,-1,1.0759050088231583,13.247649397468194,female,1,1,0,3.123440141112518,2.3151200688849873,4.057957737140897,9.30592092878034,12.785905594195562
55,1.497194224712721,1,-1.8274075385558937,13.709194692084566,male,1,1,1,0.3341556255969645,-1.4151021886049815,-0.13576564372066813,-1.3107068475818642,-2.478092891814755
56,0.9530060057326408,-1,0.17024835896722823,13.650252528721468,male,1,1,0,-1.0402528057698202,0.8644583354800932,-1.2967241285576443,-1.6955587341413194,-3.8201296087515786
57,-0.6023201307513406,-1,-1.3861278394087408,12.345614230027422,male,1,1,0,-1.720360429585837,-3.0055692105478298,-0.6314279761011647,-2.8820614911054863,-4.5712489881300735
58,-0.6206994820120926,-1,0.5992494729017374,13.654066131217403,male,1,1,0,-0.42998101924966736,-0.6390869368852462,-1.536555392235552,-0.40388820503628686,-1.6836283642290983
59,-0.6467125688105444,-1,-0.02217988965320012,13.15173406410031,female,1,1,0,-0.5115738835127468,0.5330116794705364,0.9837714690130736,0.3094398870898105,1.764909681554217
60,-0.4032317910890596,-1,0.5349532345660071,12.902419975027442,male,1,1,0,1.3649372933460822,0.15867128598218472,-0.4770414022025018,1.435888626930449,3.142491527802626
61,0.8839474803253126,-1,0.33842011751874396,12.869713509455323,male,1,1,0,-0.8554868035519483,-1.4529265242497904,-1.9622799898848748,-2.444423655993407,-5.129379985939495
62,0.13948314323620375,-1,-1.5134814502280391,12.300510286353528,male,1,1,0,-0.3066154039140761,-0.674402527366026,1.5038807833303287,-1.1674602138772578,-1.2438076132596096
63,-0.6863288369354351,-1,-0.2997959721946294,14.134413287043571,female,1,1,0,-0.12307775079113235,0.22126203656629972,-0.7535776210788789,-0.8047818750189084,0.1695284225605076
64,-1.2463931962341324,1,-0.6362191977596272,12.998399605276065,female,1,1,0,-0.8879763547959825,-0.4791079733804885,-0.6723336438531552,-1.7368555864854054,-1.5366595085171133
65,0.6541744112457707,-1,1.922805392014576,13.460577732184902,male,1,1,0,-0.9035532474409366,-0.5682607436913354,-1.774060883437453,-0.8017151272003855,-3.973437674940074
66,-0.1011943271918775,-1,-2.5498975719701225,12.386971472064031,female,1,1,0,-0.9583942974219678,-1.269908864238278,-0.878478135152497,-2.030487577895996,-4.150715546886654
67,-0.09960100117622672,1,1.7059009718495497,14.879969248082489,female,1,1,0,3.154513048419816,1.7494429159446456,3.7042674691768713,5.983420302037378,11.142511462228024
68,0.3917120128075786,1,-0.686795884044489,12.02721194224432,male,1,1,0,0.839437690933141,0.43010459137119217,2.9045915355771816,2.5309476404688116,4.461674824275467
69,-0.3017678364051787,-1,-0.631988359290591,13.714370749890804,female,1,1,0,0.01099600989565438,1.459163205304336,1.5747671631289872,1.612291104619518,4.296024148215129
70,0.6737810236895896,1,0.8309213453090465,14.179215939715505,male,1,1,0,0.5120009565706454,-0.36540338673766304,-0.9929089762929596,-0.6580788356425383,-0.7693101477450106
71,0.03668444992069539,-1,0.07370051103937728,12.52476374572143,female,1,1,0,-1.3142337222368243,0.7185179073825574,-1.280007078777699,-0.9558732223223628,-3.7985364934018535
72,-0.6980238540230732,-1,0.8177375426987685,14.073028326267377,male,1,1,0,-0.9863690453411592,-1.2726374690087294,-0.4319153399871767,-3.3911629746628673,-4.248597432635016
73,-0.5396537369265991,-1,-0.04213459243978874,13.72602355107665,female,1,1,0,-1.5007140550715712,-1.5740324976297115,-2.7220835253112123,-2.605839344164726,-6.656111538550838
74,-1.6268491570212888,1,-0.4044347216771707,13.039726899471134,female,1,1,0,1.3617986982232015,0.39868080978371423,0.7902798147693486,2.143236481292774,3.2626179863936637
75,-4.392567117361236,1,2.07960091281664,12.48287996649742,male,1,1,0,-1.0102500933292422,-1.216330377031191,-2.772767473351731,-3.528354024220855,-5.451185909836733
76,-0.5171551773641999,1,0.5611781218640013,13.182993910973892,male,1,1,0,-1.1468043905954783,-1.397312443879123,-1.5638824828550937,-3.6072162768897087,-5.627199351243042
77,-0.6128859165616711,1,-0.3037963240506004,14.055558334104717,male,1,1,0,-0.668458963985476,-0.04275960309432664,-1.0519081357019944,-1.7100710470831983,-3.453627746015923
78,-1.0332291322447815,1,-1.3122953719129875,12.140200703172011,female,0,1,0,-1.3169516316920118,-1.5169116896549804,-1.8334131318896525,-4.392012479599474,-7.187370572732796
79,-0.42926112170072,1,0.06344275868784659,14.964768974343317,female,1,0,0,-1.3823002164352205,-2.933561714620221,-1.8946439827763533,-6.195262962092064,-12.882633794426582
80,-2.196770007421843,-1,-0.6826553339596032,13.21401555184275,female,1,1,0,-1.8840089736363064,-1.1148084809776484,-4.959319654675994,-5.115913489079432,-10.485758354455688
81,0.7528347349236008,1,-1.0552178601468007,14.868715201271698,male,0,1,0,-0.7272705069019325,0.10847824560207953,2.0162416148836675,0.37882252013194184,1.4070541299272583
82,0.2660279456870517,1,-0.8663635146047012,12.716699205106124,female,1,1,0,2.097163825821025,3.5589760458325213,4.133642663516901,6.03805240713892,14.319651918272871
83,0.8465870782304272,1,0.48330429467900016,12.554179392987862,male,1,1,0,0.6114634774857668,1.149834236613847,0.7876856565599957,1.9069604308851211,3.921993576680038
84,0.12463478498816433,1,-1.060604294650798,12.303250109078364,female,1,1,0,0.34028580289467075,-0.002006557579945,0.6264834664798669,-0.6575113370719619,-0.6606476158069625
85,-0.1265494954172222,-1,0.30538774222246123,12.20119778579101,male,1,1,0,-0.7326476264073252,1.7096007662188164,1.2230732649419862,1.8390065735271648,3.1307328044036273
86,-0.8067614961129228,1,-0.1511498583576481,13.069411659613252,female,1,1,0,0.9720725853324226,-0.4633653825657361,1.4017906343034334,1.3749894889867122,3.771554624765335
87,-0.7460774798957375,-1,-0.5952463217462663,12.973911014618352,female,1,1,0,-0.4914559439645352,1.483485630638557,0.529905050146674,1.6795703924787853,1.6267144016592394
88,-1.044336677755123,1,-0.9669232672546644,14.587965792277828,male,1,1,0,-0.7452484367914574,-1.1487274934293024,-0.6830803429250343,-0.5940746505066334,-1.3338404523397065
89,0.8470868453548401,1,0.21328580994080257,13.40378877078183,female,1,1,0,-0.5414195662464572,-0.90642264145703,-1.4921958648458848,-1.049698818795316,-2.2488630294460896
90,-0.46995084649657326,1,0.1817525866775156,14.685409913538024,male,1,1,0,0.9971172717554172,0.47648579044462186,1.6938639756101754,1.2040326985545562,2.2044075421258036
91,-1.2353432467447862,-1,-1.1702572356975751,13.008921782718971,female,1,1,0,-0.5943410347709248,1.2165030654472324,0.1765985676540595,1.333849969804811,1.2987391718800758
92,-1.1447295452577633,-1,0.18188011832369927,13.572996701812372,female,1,1,0,-0.8256669613519243,-0.9748795002595751,-2.66496200347847,-3.477197737559465,-6.34123006494303
93,1.412499304481922,1,0.2856618075583691,12.926899052225052,female,1,1,0,-1.757004701640225,-1.585425282540145,-3.471421471535659,-7.37687675235197,-12.921428594558504
94,-1.2398747321999553,1,0.6934919879696755,12.63004001090303,male,1,1,0,-1.410081426924734,-1.215575956207779,-3.3919779439658067,-5.040906752788599,-8.530141310758125
95,0.3311246766191806,1,0.792113881256592,14.35130330803804,male,1,1,0,-1.9717169301442368,-0.35422090374615656,-1.786457406214708,-3.619500196345627,-8.17590155534324
96,-0.06146679386333523,-1,-2.356830764794102,14.193017296493052,female,1,1,0,-0.9320844197227404,-3.6011826809646315,-2.2194551864443817,-5.96555141888108,-10.295225204508576
97,0.37852149149800024,-1,1.075369625632753,14.186701505910603,female,1,1,0,1.1401204253643904,1.0082440869026743,0.9160088518644922,2.597640093365623,5.463312300287358
98,0.2898232782200027,1,-0.34755467460787637,14.053663604194298,female,1,1,0,-2.6980582486685485,-2.751043490800239,-4.545786319806772,-6.391486741092787,-13.319947325987965
99,0.8862217072618075,-1,0.630059701958375,14.012353059835732,male,1,1,0,-1.507999583643649,-1.7401235174080638,-2.114443289431057,-4.491326379457138,-7.8529784211957
100,-1.0425936458847265,-1,-0.11163139451250258,12.121721311239526,female,1,1,0,0.737574643278159,0.5035655702935393,-1.7351314304659622,-1.9237948203908477,-0.9165806421332972
101,0.541002598640277,1,-1.7146029774059457,14.254850225988775,female,1,1,0,-0.01234957417654741,0.01909693342894576,-2.5227706898082785,-2.7307403866400475,-3.990768114552624
102,0.40381964775629225,-1,-1.056393070640099,13.008339458378032,male,1,1,0,0.05650611265647849,0.637654885843249,1.468213546614448,1.487001895799867,1.3489698645662234
103,-1.3410668766380902,1,-1.007203377356661,13.271180509356782,female,1,1,0,-2.9813257079822466,-4.007854474590019,-5.773089176112867,-8.600803334690873,-17.107630623729822
104,2.27600108976707,-1,0.80961112170318,12.444543420569971,male,1,1,0,1.1687546690202062,-0.7793672423288253,0.2575710052811154,0.8529485640447941,1.9228907307164864
105,0.5713556786637621,1,-0.06682150150387048,14.790992486989126,male,1,1,0,0.5226467384031461,1.4928624598270732,1.687581284567125,5.301890307568221,7.797079313691778
106,1.2863114096351569,-1,-0.0460209717936759,13.25229618907906,female,1,1,0,1.1691517432890297,1.126392365022617,0.9282841542340576,3.1510384166815593,6.030083764949133
107,0.2522094856564744,-1,0.923164250841542,13.314645489212126,female,1,1,0,-1.9383491411565337,-2.2104197639455956,-5.718444044418705,-6.987574250742391,-13.1194504085144
108,0.7902643513400854,-1,0.2425161133688006,14.583608416607603,male,1,1,0,-2.18512133802687,-2.9194647694244864,-2.4003315014765425,-3.597562489410057,-8.959977204029373
109,0.11230097872915852,1,0.01403706772126645,14.095966070657596,female,1,1,0,-0.7438243687018454,-2.2798752790294476,-1.8248469662537692,-4.419633337821042,-7.047016552083374
110,-0.8825810562775114,1,0.7115402031860112,14.52568855136633,female,1,1,0,2.0332490308227755,2.5678660798692476,4.476948661291759,10.246430613289457,14.233897492178514
111,-0.2278106739246731,-1,1.0371874626240225,12.152805260382593,male,1,1,0,1.575219340273559,1.5823652747109058,1.6815058714607611,4.2702085140911965,7.81203460969907
112,-1.3506811891041424,-1,1.6116466649501606,12.151815606979651,female,1,1,0,0.5593072979082411,0.3555350928772435,0.3399439366163547,-0.3237492953250012,1.9018414621612945
113,-1.189150825512959,-1,-0.33839251855671226,12.200249406974764,male,1,1,0,-0.8860295900820694,-0.5071238594904273,-0.6484956433123035,-2.506209065525132,-3.0353695400267178
114,0.5114546098078273,1,-0.6268556398780398,12.70311713218689,female,1,1,0,1.335385265361226,0.40213528247938424,3.1799260112531886,4.651972605290966,8.088017223319149
115,0.25668262066368047,1,-0.05184597596547714,13.038149453233927,male,1,1,0,-0.5334772466832447,-1.7001523280652542,-3.3978955867288203,-4.404041197606983,-8.559003045620791
116,-1.4877475107296756,1,0.5766378218764915,14.53185038594529,female,1,1,0,-1.8616305445744472,-2.340593690155909,-3.789891118736944,-5.442641806631551,-10.8036672324341
117,-0.8735459352760067,1,-0.26995092282155714,14.775904007256033,female,1,1,0,1.1216995059171948,1.91388840173816,2.347272435045694,2.89892929193818,6.167421447479907
118,0.14999782849481147,1,-0.5213342503918206,14.70458236313425,female,1,1,0,1.6305082003131857,0.7481117862318162,1.416241439612289,2.5737721722262172,4.391500640684195
119,-2.21828607299783,-1,-0.45604321198980663,13.171481582103295,female,1,1,0,1.19627332862986,1.6549956180306156,2.5578427447302405,4.490284019221734,9.2442068132031
120,0.0487427702509671,1,-1.8334370891745333,14.964041272178292,female,1,1,0,-0.8246681657397198,0.43923953858934706,1.142620829967269,-0.1314541669402357,-0.03707553422340559
121,-0.19592070055356417,-1,1.0834649283235227,13.05938723590225,male,1,1,0,-0.240458785147707,-0.7032102390588553,0.745459007797378,0.9437805729733052,1.0132928940390509
122,-0.22304602756997105,1,0.10412843653831735,12.077689608559012,female,1,1,0,0.7967300810935518,0.7790377636744129,2.1966317170352925,2.0186322019669065,4.192907752851432
123,-0.0662361753487059,-1,-0.837640490776665,13.698730448959395,male,1,1,0,-0.9214688114140646,1.1093414872986145,-0.5534415403322819,-3.186574927196173,-3.3823082985556057
124,0.8206735094243732,1,-0.6103143863747422,12.83540672622621,female,1,1,0,-2.4885146604916097,-2.4140960286345647,-3.3770761628668096,-5.545864520798792,-12.267816562941208
125,-0.5946291427694211,1,-0.17183217832679692,12.67048166343011,female,1,1,0,-0.5072881732681608,-0.42465251124426046,-0.46232610083868825,-1.0061881718205956,-0.951254866775727
126,0.11507403168384592,-1,-0.7637300421526808,13.321366905234754,male,1,1,0,-0.00505259501706214,-0.3512725200127821,0.27481716920490895,-0.7577913528358362,0.7875640772973366
127,-0.2629859780217835,-1,0.17035765885645154,12.126473088981584,female,1,1,0,-0.5840480144405429,-2.0482824770798818,-2.3829803594534997,-5.167220635812112,-8.35915940384939
128,-0.32244243006041,-1,0.3777005507637922,14.685015130788088,male,1,1,1,-0.9701326694594398,-1.4359536627892957,-2.468827326443781,-4.178173824313646,-7.040628908248812
129,0.802476262688578,1,-1.0975254204785796,13.278000991791489,female,1,1,0,1.3034443496108916,-0.421380339486872,1.5971790360228142,0.5096117752876816,3.966179578433416
130,-1.6581632583003785,1,-1.4562676849292788,12.123454046901315,female,1,1,0,-1.0729849543892716,-1.900239984843776,-0.7256949212880324,-2.5266883547755725,-5.8300811848387175
131,0.9185514068484376,1,-0.33184189230596056,12.355194135569036,male,1,0,0,0.882987339889834,-0.3477990795111081,-1.702295534817064,-0.7059405480294546,-1.5342224253011116
132,-0.7770115475992331,1,0.25712503750325366,12.897890013176948,male,1,1,0,-1.5124867634771872,-2.8381774813543332,-3.4640843925200744,-7.819291172161568,-12.48058682857965
133,-0.32834381084123776,1,0.7793874818492719,14.33046366716735,female,1,1,0,1.188465217817007,0.853324937907391,1.9108335157257552,3.80985047649886,5.249131429768941
134,-0.8563865309717937,1,1.383888332759856,12.271637379191816,female,1,1,0,-1.0632241839781535,-1.8328296850409709,-1.3815399441528529,-3.4508271735971077,-4.782017743827682
135,0.9875146933796536,-1,-0.3525582469368878,14.1841844629962,female,1,0,0,2.652973705232743,1.386484536329867,2.565997049269147,5.149365316072692,9.331029415436744
136,-1.4218549031944383,-1,0.11310701303612627,12.410784579114988,male,1,1,0,1.3442992958172977,0.8963501102766573,1.3303002839830849,4.430147435418238,7.005603950262648
137,1.775170509281788,-1,1.3938536621369184,12.9202730411198,male,1,1,0,-0.3050152966091422,-0.5496154423801575,-0.9074698394336022,-2.2484122985028865,-1.228043208655354
138,0.3625254079909823,-1,0.6616554072393348,14.929120508953927,female,1,1,0,-0.3873988536636611,0.59000855508897,-0.0971955996350658,-0.2168727320794136,2.2246056836743695
139,-0.9001258689339215,1,-0.6890202217031054,14.219249680638312,male,0,1,0,-2.049880783109624,-1.6037693629291796,-2.9576319962338458,-6.076078874370426,-9.541338923893967
140,1.5852294616356375,-1,-1.3351490586734764,14.512915526283903,male,1,1,0,2.10622202593009,0.3337242307304864,0.9494810125007368,1.3914555393647603,4.588532433100172
141,0.06715333898637404,1,-0.21585677006775988,12.592029090039432,female,1,1,0,1.159904606273005,0.3584297219290077,1.1547539444985375,3.749063371097063,3.982559081672105
142,-0.08679343703138712,1,0.25500896532564776,12.679985537426546,male,1,1,0,-0.5838076756573055,0.17098520390010058,0.270390612747116,-1.4639493598729338,-1.3817684277398523
143,-0.23931900247448215,1,-1.6601278854358132,14.874571243068203,male,1,1,1,1.703936888107975,1.4631831850613417,1.4494162374473214,3.0459643754280283,7.108096039215931
144,-1.5500115344322365,1,0.41489151288842074,13.303553079720588,female,1,0,0,-1.153386692478073,-0.7444957626387962,-4.1957123910077225,-4.505983167407682,-6.662202597322377
145,0.1626136460539606,1,-0.3078114682297285,12.964758007787168,female,1,1,0,0.8952211592623192,0.7933426095557482,-0.2804883147446844,2.673980509405715,3.150082985676389
146,-0.1806034307073443,-1,1.4344222314265038,14.394149231957272,female,1,0,0,-0.3290016082709417,-0.8874404908814275,-1.2351477467210707,-3.450295780581127,-6.920288223608646
147,0.8460258711530613,1,-1.0517252099239889,12.475696889916437,male,1,1,1,0.2226933905499709,0.4774858979906584,0.9152165201866952,1.951041025909921,3.0141669128293938
148,0.7527485082459866,-1,0.6127103664806658,13.035176072269678,female,1,1,0,0.5939151347916892,-0.8100613738165503,-0.24176846953179365,0.21996480292663145,-0.0599031333894228
149,0.5488923949523178,1,-0.22094643207882428,14.932385071646422,male,1,1,0,1.253019535562807,0.7475633045506385,2.885525315190587,4.593237343005915,7.08060413750443
150,-0.03043369952815751,1,-0.518228773126332,13.54389149369672,male,1,1,0,0.6839164980019459,-0.7985060908349323,-1.1534960146954625,-2.042383009048777,-1.992208781820904
151,-0.8984741031907938,-1,0.45280155472167394,13.84834043844603,female,1,1,0,2.0753390888074037,3.428399511739596,4.667471032395514,7.592682484096815,14.866713877446426
152,-0.4174957596015213,1,-0.907399675218064,14.14480504137464,male,1,1,0,-0.5195605845229933,-1.539146089431151,-2.020857263570227,-2.6236647863815925,-6.1230643793342425
153,1.025224853914391,-1,0.4609274766374014,13.246506174327806,female,1,1,0,0.11537786223969684,-0.721050494676501,1.8102594873622075,0.979271120722056,3.659956368220164
154,0.18541959617124845,1,-0.7710741126638121,13.093752897810193,female,1,1,0,1.2524723492318444,0.9560882987169422,0.4330097489193163,1.067874510547003,3.4063424436006504
155,0.30191231942109314,-1,-0.1317567743587383,13.863745742943138,female,1,1,0,-1.5405738603956598,0.14471593469827848,-1.3670172435987278,-0.5479121747734967,-1.9089699702629752
156,-0.42377143894386665,-1,0.2689972759632608,13.814281137892976,male,1,1,0,0.3952499974098008,0.00799396171762822,-1.5668792276696553,-0.09794563810728364,-0.723803106187495
157,0.27232006254058244,1,2.5707429265016284,14.656594942091033,female,1,1,0,-1.323976371786548,-0.7267274841160511,-0.4651692804102767,-3.680224774069608,-4.509932082553832
158,-0.2840417035316301,-1,-1.0369446844351788,13.405031960690394,female,1,1,0,-2.0929835451505636,-0.9338480592201056,-2.690251404852457,-5.747910321147036,-8.627541294385882
159,-1.3879906212497282,1,2.0482221323701797,12.978035900043324,female,1,1,0,-0.24546571380966584,-0.4446740631391677,-0.7563636377860082,-1.7336838702473254,-3.480187938192045
160,0.6555727205485095,1,0.35260018915048796,14.842916302615777,female,1,1,0,-0.5371979233389262,-1.1347440026140494,-0.6390309213768453,-1.2851882138522677,-2.7739280210316166
161,1.059389160439023,1,1.0069871168559943,12.760951380478218,male,1,1,0,-0.9997467872196384,-0.9139984364491875,-2.727655857226347,-3.342496339034702,-4.940460372305257
162,-0.3348434083757897,1,-1.1079920369273102,12.761647100793198,female,1,1,1,0.05002542891447821,-0.03004900692775138,-0.6721359988054518,-0.8822333406717273,-0.6467436103658251
163,0.2302754449003045,-1,0.3067034210497767,12.776638061273845,male,1,1,1,0.8854422615965969,0.5748490182399737,2.3036966564925807,2.9696189402070345,6.489426741497506
164,-0.7154647682557569,1,1.3236741605174454,13.679107148665937,female,1,1,0,-0.880461177824955,-1.1766488894654783,-1.2842009016924871,-3.337643554578162,-3.5655013444038115
165,-0.07785710002362879,1,-0.6661127641537872,14.362626635469496,female,1,0,0,-0.4090762744365662,-0.7720010466076255,-1.8022853685220543,-0.9407190560213954,-2.6867956657342185
166,0.8933011712537696,1,-0.7042851653902406,14.128296914510427,female,1,1,0,0.6154308623218934,0.2552752347633901,0.6881097134709516,0.3612683040801884,1.9538177897129416
167,0.455019999085883,-1,-1.3084146490761637,12.285797834163532,male,1,1,0,1.148497694868447,1.6869935460553096,2.107475346871713,2.117562387921862,4.964076620940445
168,0.417141817985675,1,1.3885246995704863,14.668054418172687,male,1,1,0,-0.6971685359877057,-0.6107584564763899,-0.9066844622674176,-2.3680584184819713,-3.3717375022178993
169,-0.05167486453359885,-1,0.94539187046146,14.357192653929816,male,1,1,0,0.21001039457080609,1.1905996319678391,1.797405897070798,1.9756816925044725,4.188624660878638
170,0.15218711184166614,1,1.0532022887222754,13.892258831765504,female,1,1,0,1.592930309724741,1.849061252465556,2.7583954915737405,4.682367636595552,7.310879300696303
171,0.10328048324941388,1,0.666297995349086,14.50126128201373,male,1,1,0,-0.341975629134371,-0.5588053569445202,-1.5623168207282738,-0.7262351418570174,-1.1607648649933917
172,1.656618300309865,1,-1.4194364477792971,12.214977371273562,male,1,1,0,0.348475929359885,0.8869901765814496,3.3664920534023537,3.25190113726695,7.360953274342225
173,0.6282368138946121,1,-0.4234254043031751,12.899873094633222,male,1,1,0,-0.00124056152737914,0.2992538842427565,-0.5017884212872001,-0.38334741011964774,-2.2428034979417735
174,0.376355310464473,-1,-0.2294333378391554,12.4096730039455,male,1,1,0,1.0501922979493956,-1.2543537440194714,0.27611468925036137,0.5898584130208322,-1.9920151100812311
175,-2.3960643128073835,1,2.15799371475869,14.353316455380993,male,0,1,0,-1.3002785432778816,-0.5665744716740481,-0.7905472162323695,-2.9554759068052263,-5.663298871031484
176,0.20653246703023545,1,-1.0179524389410364,14.156520986929536,male,1,1,1,-0.8343221581629527,0.02416082992997748,-0.04345246135013381,-1.320426729314482,-1.663495047325675
177,1.471241284654916,-1,0.1267066552733682,13.58928416389972,female,1,1,0,1.3122465970373405,0.29806858258863334,1.87247319129656,3.488134037224359,5.947299853500263
178,-1.5618945455001247,1,1.3846739566584316,12.581424355041236,male,1,1,0,0.9745106332085038,2.4413546387015628,2.261563379827119,5.023149427563262,7.647330843882624
179,2.6899046778445026,1,-2.2236420127809513,14.358645693864672,female,1,1,0,-0.4481684623790055,1.7132181162049642,0.8302482356252787,2.0180881765657706,4.422199846417444
180,-0.07035234509489702,-1,-3.054634578629969,14.992674804059789,female,1,1,0,1.0718957619562215,0.835269068462697,1.8857712492776777,0.7271941040273031,4.09750949385432
181,-0.41917613395336367,-1,-1.4027455798231068,13.57380579225719,male,1,1,0,-1.4457894028787444,-1.5190910419307937,-0.4119650370571759,-2.9454614102471592,-7.669770054003672
182,-0.01735858814653145,1,1.702456453018215,14.416669957106931,female,1,1,0,-1.8431265457608697,-1.3839874155820031,-0.7962484176803095,-2.4066534850887966,-5.659938845816712
183,0.18621619423582025,1,0.9826082886212656,14.985372872790322,female,1,1,0,0.7391331763842298,2.428754119766527,1.3664942136382876,3.874845267404902,5.10739224145247
184,-0.44150517568859954,-1,0.04945155912441615,13.59141645161435,female,1,1,0,-0.4002391327178336,-1.300753730781426,-3.6848884518454943,-3.4661744762243916,-9.193006366325854
185,0.9840599201273638,-1,0.9792836419927556,14.076706635765731,female,1,1,0,0.38536795011898894,0.92658831263567,1.1821710950789737,1.163660030179244,1.1640401691816962
186,0.7999128598471755,-1,0.33915599560690346,13.49536357820034,male,1,1,0,-0.5461268573917449,-0.6624038753345899,-0.8122767654766425,-1.9733682760250668,-2.9569595908259596
187,0.01789575779364571,1,1.3609391506895192,13.210021584760398,male,1,1,0,-1.1360661186490353,-2.2866010339505936,-0.995513036162054,-3.131895894778948,-5.494257209703003
188,0.9070523933946324,1,1.1019318194204586,14.501996207982302,female,0,1,0,-1.090555001383864,-1.2913158279599792,-1.8930538659289544,-4.9216355818832955,-8.363241528068542
189,3.3443723523631683,-1,0.3906722612605785,13.7383381112013,male,1,1,0,-1.4281074448368534,-2.0537320703608266,-4.811655648058582,-5.905159894282816,-10.3633450838878
190,-0.19868425917799437,1,0.38647489900474674,14.119737725006416,female,1,1,0,-0.19679343140074404,-1.507936891613251,-2.7913508136822767,-4.26303278220884,-7.564023771090784
191,-0.41048305317724576,1,-1.0163534723285754,12.10917223105207,female,1,1,0,-0.2251166202463295,0.22463453058292857,-0.5464466163162331,0.15851104915773628,1.257602182178199
192,-0.7942142014152249,1,-0.5068085744663653,14.653329133987429,male,1,1,0,-0.3184009953985184,0.5777328917144532,-0.7246965930980772,-0.22578051589809844,-0.18600317863981264
193,-1.062730850525837,1,-0.2243644796255716,14.898160395445302,female,1,1,0,-0.7340563427023621,0.3014909624636286,0.7337282709314205,1.1140314307667922,-2.0192494972176807
194,1.5689645928813405,-1,-0.8264074660394266,14.559512405656278,male,1,1,0,-0.12417495590399684,0.5022691279296022,0.7873272136123152,1.2917521816622213,1.3918396879977617
195,0.6931533675850113,-1,0.2356860382541927,12.2167198152747,female,1,0,0,-1.4513809946547809,-0.7686239710489168,-2.5038457722757412,-3.95924584328703,-6.844803944130502
196,-2.668907887408248,1,0.8353355777887721,14.978912356775254,male,1,1,0,-0.3583819976371026,0.5932926441787518,-0.14499626817773048,-1.2018936778124854,-0.7785236167510634
197,0.00578523254473057,1,1.2649854852663376,12.655321824364364,female,1,1,0,-0.7376638282246284,-1.154663531128533,-2.352043611520193,-3.678782840672602,-4.983578286373621
198,1.623161738777782,-1,-0.7451733649972566,14.950898609356956,male,1,1,0,0.2474930982818601,-0.16298919720282842,-0.49698414779043143,-1.8363875214967824,-2.1622876442098984
199,-1.4890170764145645,-1,0.12537137125649098,13.376096502877772,male,1,1,0,0.30122736926551485,0.02317161940839748,-1.078642403267755,1.9106783968084828,0.9653088912687412
200,-1.2409917953140717,1,0.0833203536518125,12.95903486944735,female,1,1,0,1.3889588080798134,-1.0041625077817822,-0.35592213321823707,-0.8067784959438336,-1.3713023901317505
201,0.6033140511359693,-1,1.1112373513839189,14.623450609389693,female,1,1,0,0.11556913882290756,0.8220422714003126,1.0095325465923315,1.3337867124374343,1.7095625246276551
202,-0.5181125359257787,1,-1.233580308488751,14.708549696719274,male,1,1,0,1.5493031173171068,2.309895925914801,3.1413308783947267,6.259530942939784,10.036071839164183
203,0.5447925632603574,-1,1.7468858801258689,12.30353435059078,male,1,1,0,-0.7821793828981982,-1.0199019573302015,-1.4412968920742806,-1.981690267560381,-2.6269388552444655
204,1.0222618209309724,1,-0.4095248073651069,13.071743462467566,female,0,1,0,1.8530434671210736,1.4462204621570338,2.000369028398013,5.3971019595463785,9.975569943505668
205,-1.0727144862179836,-1,-0.8490043700965623,13.36785375396721,male,1,1,0,0.17241744244761092,0.6128357438195075,-0.6586878280274661,2.309295923569272,3.192592353598138
206,1.081567445389979,-1,-0.40932911448089343,14.753790834685788,female,1,1,0,2.01238100185698,0.2482148312960082,1.561505614035302,2.5257594102280376,4.255868844648716
207,-0.570204080804255,-1,0.4442110753982809,14.327222994994372,female,1,1,0,0.1327259482877089,1.0295751564413416,2.8966744886087814,4.478386177159553,6.798280645986459
208,2.11330974345761,-1,-0.6502726215643031,14.884172906633466,female,1,1,0,3.337479378716486,3.4549930762167422,6.647966052197608,11.54932285698198,20.625852058388457
209,0.6984394225035065,-1,-0.2303304797213274,13.192271560896188,male,1,1,0,-0.03543730521513317,0.27352964080772235,-0.8690658909466372,-1.0328104042380892,-0.3678826426606727
210,0.0513673066881441,-1,-0.29276149336772583,14.976389977382496,male,1,1,0,0.5597538483098973,0.1998089021749275,1.3172833912756008,1.00998562795085,2.0235620981958093
211,0.15588936069124357,-1,0.01365815568714663,12.985045337118208,female,1,1,0,0.5679209974366994,-0.5082953858961854,-1.1953694347151569,-1.5389743963299092,-2.6894681687886735
212,-0.15814605790335542,1,-0.3682265499076997,14.43856230424717,female,1,1,0,1.5342056864028497,1.7944976106222978,1.4802338070979943,2.8647540663923134,6.179622625647063
213,-0.3985532685647545,1,2.293012506804374,14.316701143048704,female,1,1,0,-1.8974037739527423,0.34252500535800867,-1.8789390016577965,-1.5924111887709984,-3.405163802863645
214,-1.22585633115428,1,0.12680487139565744,14.450495157390831,female,1,1,0,-0.5839919402167675,-1.8421447501639672,-1.0893048237294685,-4.843841888979075,-6.043294897017137
215,-1.004968449722659,-1,-0.796170863675172,14.909151075175032,male,1,1,0,0.903004266656613,1.975431081231083,1.1966704521128833,3.2692513936383043,6.5434486423586655
216,-0.22610601654793636,1,0.4854007161754347,13.945737714646384,female,1,1,0,-1.4929738320422603,-0.5786649497233962,-2.348880415025946,-3.3764553801003707,-4.931672500686959
217,1.1762819320821063,-1,-0.574263393316199,14.818522370187566,male,1,1,0,0.01948642180103952,-0.9304266173724264,0.6892345323707152,-0.02765151879038982,0.03073538842829237
218,0.29394412086578386,-1,-2.4465550169748123,12.072119905846192,male,1,1,0,0.829457721179244,0.42450969211054457,1.3018909348094512,3.911738735676174,5.281432733644783
219,-0.0740828984506511,1,0.2605586535537533,13.10866199922748,female,1,1,0,-1.3505745625874843,-1.2170435293100332,-0.5403905729710379,-1.8258029371069449,-4.665326684775445
220,0.4315722919661376,-1,-0.9367828310210355,13.519578030332925,male,1,1,0,-0.03440882421988434,-0.04392790695553187,1.0525615950239775,-0.480448833066996,0.9595144927373548
221,-0.01759359012734817,1,2.091120988896695,14.059123215498404,male,1,1,0,-0.06497419527992564,0.16532196507678576,0.2027268020142205,0.2516641510713432,0.7572549791884033
222,1.4434692917163432,1,-0.44475577551170753,14.689790381351486,male,1,1,0,-0.05025670730493076,1.4621434155784436,0.3033643252698285,2.3558221532876704,2.9855748016323913
223,-0.68891618912013175,-1,1.1758240735299794,12.715289880987257,female,1,1,0,1.4299850062779544,1.1738599331772412,2.730573850325201,2.7451340679412795,4.996190437619018
224,-1.7754408027799655,1,-1.6232955576275343,14.000027990201488,female,1,1,0,0.2603524685813207,2.5534792034989824,1.3145157303389214,4.088871385772274,7.515529631168657
225,1.3968061126290363,1,-0.5362256145340101,14.164853463415056,female,1,1,0,-0.10223720039630614,0.00982219620329888,-1.038501781299808,1.2778322476813315,1.0102337740021063
226,-0.7703583459054713,-1,0.4339875376825171,14.423665839945896,male,1,1,0,-1.0441458729402853,0.25173709465996197,-0.5277220700639693,-2.6037730596352806,-2.1029223633966825
227,-0.9457280254792896,1,-0.14758773737588282,13.64315063576214,male,1,1,0,-0.9830458464512412,0.6375789822185126,1.898443224973307,1.5006369188227615,1.776621178343384
228,0.13077962111998218,-1,0.06321808593188036,14.428247583797202,male,1,1,0,-0.8519899024328883,1.8688940532430816,-0.13316831240535987,1.88238395814288,1.923652218696748
229,0.12574584192586896,1,-0.10547115567731412,12.328902364242822,male,1,1,0,0.710200784405548,1.058207042183255,1.2873011186394272,3.9770650407385055,6.269732420170238
230,2.4342062145490373,-1,1.026586225339433,14.828578256769106,female,1,1,0,0.936996239235999,0.5932036070138624,2.1376974390435737,1.6259001604619754,5.556318247831513
231,0.7138211588425885,-1,-0.736955025223765,13.007147238822654,female,1,1,0,-0.7155747424740617,-1.2480484013201167,-1.8093138855462416,-3.7133457190091552,-8.420953918028815
232,-0.65313278822351,1,0.4680157467723845,13.86150861927308,male,1,1,0,0.8242144438176611,1.2837328132674113,3.675598462003133,5.833349211881779,9.583608177444676
233,-0.27997745909545924,-1,1.1269524291283683,12.334800087148324,male,1,1,1,-1.4654004391295337,-0.8969548293743637,-3.166125703401396,-6.934439163067799,-9.476084605760931
234,0.3637675176870357,1,1.19402044985435,14.28930835565552,female,1,1,0,0.6751104024593406,1.588788757439887,2.4349409567134774,3.8232852677686937,6.448668922301644
235,0.51468429775071,1,0.984937588203237,12.60938016953878,male,1,1,0,0.31595136721872913,0.6156020759093123,0.9247806778540356,1.9417599423290195,3.1053113682712077
236,1.235262826533928,-1,0.7343427105764776,14.941560414852574,male,1,1,0,0.7636247897271033,-0.391362757607888,0.07803164670866788,-0.429112411470377,1.5274084073821053
237,-0.6605912036432743,1,-0.18873108075580008,13.25650150864385,female,1,1,0,1.0846749737055186,-0.21924230447227355,1.7462153228894086,3.384596643229031,4.763051307087709
238,0.5903868432715419,-1,1.1288891011896391,13.698394899722189,male,1,1,0,0.2774551200094247,-0.9744632884010596,-1.8207791452429645,-0.8341113203145198,-2.916825119411381
239,1.2659609892508938,-1,-0.06334666650537758,12.175247796345502,female,0,1,0,-0.5893524796820232,-0.3397815061469235,-1.361277031237858,-0.4307231492744781,-1.7212733851899085
240,-0.03840672959198841,1,-0.841626457694773,13.24185347207822,male,1,1,0,1.0539582169320223,1.0342529214531453,3.3536665828379015,4.300548234777212,7.902760238902955
241,-0.0438415094256395,-1,0.988933332960002,12.910513343056664,male,1,1,0,1.0738996740019524,2.15138041303335,3.3073591118850705,4.182874789149086,8.099878735072839
242,-2.6659438987469604,1,0.48793264975100015,13.318888862617314,female,1,1,0,0.5107939978543302,0.10614281215511356,-1.303297057645505,-1.6155355452181912,-0.37253380996013474
243,-0.48584182070498527,1,0.8138311656699762,12.329616875387728,female,1,1,0,-0.440384210072421,1.8375138596238676,0.14460530725516396,0.4550066462965173,2.5763638424976643
244,-0.9783769924195016,1,0.13055464692740035,13.722068703034893,male,1,1,0,0.2935940502570493,-1.1792206484641052,-0.882134165626213,-2.1278057100694334,-3.149767660768406
245,0.04703840391961576,1,2.53772050918429,12.147924525663257,female,1,1,0,-1.16080913503655,-1.4057213278216425,-3.7775797534579416,-4.926110297694992,-9.169168326178186
246,-0.5704141903581484,1,-0.4841669227598696,14.602111455285922,female,1,1,0,-1.7637453217997794,-2.007728939678552,-2.7365594868165877,-4.2605162490948105,-9.33106451367798
247,1.3473099583745811,-1,0.9496794654412792,13.835393817862496,female,1,1,0,2.335352658759014,1.5404230359021238,4.527457588567059,7.001762143484856,12.256262393405102
248,0.651615817202178,1,-1.229571181484738,13.774363035103306,male,1,1,1,0.7860033572633506,-0.24630727190976143,1.7560177826050625,1.979719034116032,3.710346663183906
249,-0.1416519691725592,-1,0.2761567099152026,14.445981288095936,male,1,1,0,-1.2034844971774323,-1.1075526341212614,-3.067180985076355,-7.024860848321877,-12.090632174316278
250,1.6325383395520985,1,-1.2286854417676332,13.803600085666403,female,1,1,0,-0.3049120556883935,-0.35629163061924013,-2.3622710161938345,-1.6373720054102456,-4.665390889442849
251,-0.7213085675604252,-1,-1.903112953074614,14.126773231197149,male,1,1,0,-0.072126564190057793,0.4532573359388305,1.4096605982162849,2.1041239205527797,2.45440119718293
252,-0.46475864972986486,1,-2.089473114819267,12.808666076743975,male,1,1,0,-0.948895883224452,-2.263512135266126,-2.0337690542544897,-3.9364385212338826,-7.79828658293937
253,1.189746934754018,-1,-0.44988383301095575,13.394069240894169,female,1,1,0,-0.4951235401424754,-0.00195194131386217,-0.9767597326046812,-0.3441575790154425,-2.45585183477062
254,-0.252461000250886,1,-1.0080176177051232,12.896790332626551,male,0,1,0,0.3337231168022255,0.12981658413051012,-1.1760969941781605,-0.95885673615901,-2.189449895792795
255,1.884085675213115,1,-0.50695518909904,12.619904917431995,male,1,1,0,0.2905164300669647,1.2711711316446628,1.6516590747292854,3.510406835892347,5.284696576556883
256,0.21812040494312224,1,0.14607243945191764,12.758570106932892,female,1,1,0,0.19160778194447817,-0.48132435426600334,1.2393100331422189,0.2559507297646453,2.9198154869402435
257,-0.3273127251812432,-1,-0.11949673409741962,13.7904142155312,male,1,1,0,-1.586527733747614,-2.4845684549486737,-4.948122805527901,-8.081253847727845,-13.549061564414576
258,1.7647095365032028,-1,-1.0870101074041243,14.679456342710182,male,1,1,0,-0.3881872747905049,0.19671019970282344,1.026369092728201,0.518336102467575,0.3677083248247105
259,-0.4576856661052872,1,0.41466132555391466,12.43407661956735,female,1,1,0,-1.2379194628047478,0.5055956206802827,-1.111031968307693,-1.6610658742485096,-1.6063990837275754
260,0.1660086972041472,-1,1.131661587493054,12.780464993789792,female,1,1,0,-1.120938443523365,-0.30845219485970754,-1.2977433462411008,-3.2824371656167,-6.252074077331729
261,-0.07993344873707575,-1,-0.25043852214403645,14.740405353717506,female,1,1,0,1.505681344616135,1.604692072451735,1.8779093424257356,5.096974381651467,7.161352664962189
262,1.055848976079454,1,-0.985853084108354,13.362845324445516,female,1,1,0,0.13532142843775857,0.4810259428340745,0.516429075794685,-0.5951170797035713,-0.7110562218076593
263,-0.6151933102617401,1,1.3807613294826826,14.219231959898025,female,1,1,0,-0.16161270839526246,1.942404283580459,1.130986824719748,2.6660954565524144,3.887869762109709
264,0.8045579559629232,-1,-0.38099642448328086,12.597916985163463,female,1,1,0,-0.4732426075926494,-1.9716472971756327,-2.228386731677906,-3.2172567325484547,-5.9636582870512855
265,-0.1858128330018478,-1,0.6322820735753946,13.42654084553942,male,1,1,0,0.9019524151609176,0.6765925624147066,0.9904129242698474,1.1295821033500664,1.6355641661492744
266,0.9026249743314282,-1,-0.7387757100710691,13.930503238923848,female,1,1,0,-0.27642830027432624,-0.39305897786243493,-3.252110511807341,-2.5091909064432176,-5.9563304473610135
267,0.3223681778940284,1,-1.2915276003236564,14.67075484036468,male,1,1,0,-0.3808807259319863,-0.636594711118051,-1.7964795855105122,-2.289790015972743,-4.627067528952969
268,0.12728548991245728,1,-0.22334662704295105,12.25723539898172,male,1,1,0,2.0599335567498085,2.773508437934712,3.9854178726043297,8.090424642886893,13.60932747484646
269,0.8472621032211171,-1,-0.2881720202843056,14.826484201010317,female,1,1,0,-1.0371596624122534,0.00156610655254074,-0.6323913064824624,-2.135125375994813,-3.840263333096283
270,0.01517072824100806,1,-0.962810098476866,13.09059768402949,male,1,1,0,0.29208206089675026,0.8004086626572647,1.0657869365833117,2.11082457966368,3.3917843139822796
271,0.279777312309422,1,0.40497107686752487,14.550649200333282,female,1,1,0,0.5865414463244284,0.6819565869909716,0.7473538865827143,1.994086867295878,3.8978759331078225
272,-0.18462806597044684,-1,-0.48458208721088464,13.32601575809531,female,1,1,0,-0.6504641645886862,-3.103638481430784,-2.4851180684291703,-5.567363020834735,-10.53804373632043
273,-0.3886869150973106,-1,0.9263822047102104,13.23475336516276,male,1,1,0,0.5892337013280062,-0.5727775705902869,0.45306611929482166,1.3396332894615228,1.560680176575018
274,0.5262444487577441,1,-2.368550299453554,14.531057541025802,male,1,1,0,1.003713807084973,-0.0021533333289585,1.108725740522437,1.9134063063164612,4.166320338692901
275,0.5610681705702113,-1,-0.1572638601262604,14.246408774284646,female,1,1,0,-1.743284768365857,-1.7874655275312707,-2.9923704238580013,-5.649087633709881,-9.146984137477492
276,-0.17154503529627188,-1,-0.30338965523004857,12.423128228634596,male,1,1,0,1.623931574130523,0.26288840214868747,3.0078642906574373,3.7970671758827192,6.468792077255872
277,0.2135524679979303,1,-0.9575828007522792,14.58482771110721,male,1,1,0,0.6880345517184993,2.125989737114854,2.4381334437128523,4.037948764993961,6.343585142235864
278,0.1968008778976247,1,-1.4885397674095453,12.362776950700209,female,1,1,0,1.05427045367548,2.6174409033124224,2.5271307071206444,2.8824549156073074,6.613209059021107
279,0.4797312031403982,-1,-0.4134648241516417,12.346914743073285,female,1,1,0,-0.2762779370153589,-0.6235237287679419,-0.4389752301679496,0.0239372315551174,-1.267079542524729
280,-1.7722489327501405,1,-0.4485275208667272,13.023717472795395,female,1,1,0,0.9630563731072864,0.6287039287487463,1.787663114748663,3.2417372618389924,5.9279856985465385
281,-0.03683074977786926,-1,-0.48907493481088526,13.38915521814488,male,1,1,0,-1.513530665247634,-2.5038747985059224,-3.064476663303284,-5.031691817889652,-9.382050335481692
282,0.91186410262741,1,-0.3118384121008861,14.870772333350033,male,1,1,0,-0.8672379357936466,-0.1842196764630154,-0.1617747645418085,-1.4633000602180304,-3.8897363722039007
283,1.2506046711213423,-1,0.3011921335103277,12.714222811628131,male,1,1,0,-1.2540644306095323,-1.9073884405259551,-3.692710965661897,-4.432970415194453,-9.519021498039368
284,1.0438910220625963,-1,-0.2188538461861412,12.207630167948082,female,0,1,0,-0.2578146156147649,-0.8250376767205112,-1.5647686553856626,-1.6972344934101973,-5.241458913744631
285,-2.4024530114134515,-1,0.05473755290318247,12.755848326953128,female,1,1,0,-1.6222675345025666,-1.3958567452650197,-5.403303155705737,-7.52619942893794,-12.757032141692036
286,-0.5906328595967895,1,0.5567483188515612,13.042863761773331,female,1,1,0,0.07653021324387387,1.66204576392777,1.8324555201693675,3.775847770097265,5.601123168381415
287,0.03675988430713024,1,0.5256568880431419,12.774923154618593,male,1,1,1,-2.129518654823166,0.1642633336245991,-0.8938616269868958,-2.5824533768067583,-4.9663526991946165
288,2.2840715926896507,1,-1.045370243332978,12.926577882142738,female,1,1,0,1.1251124810385866,1.4453073297302494,-0.7154474260779757,1.434262975442896,2.0846656321608483
289,0.6611856380917978,1,-0.7574688901911633,12.617799929575996,female,1,1,0,0.5465451892104454,0.11197039348976152,1.9503999273054464,1.0813810049267552,3.5755036474664945
290,0.1720781660273645,1,-0.09768543276457543,14.632256700424476,male,1,1,1,-0.11232376367754096,-0.6854214275659252,-0.7579053003693845,0.6831578370886038,0.19856164986148017
291,-0.6727256381040998,-1,1.1087482213099382,13.575124490540476,male,0,1,0,-1.640986195930356,-1.586700518526608,-3.0106758537986,-4.189512738238884,-7.665646214461204
292,0.5505328009064481,1,0.6389998730838675,13.85964629240334,female,1,1,0,-0.5326163439563875,-1.3192048111393784,0.9030353420569296,-0.1251380729352254,-2.4538960302960646
293,-0.09147374614741886,-1,-0.8745670930312723,13.824537565698847,male,1,1,0,-0.449908281242679,0.4048743133149139,-0.3853724529701331,1.050769026644519,1.8075102180011324
294,0.9913195216659464,-1,-1.3717220006962851,14.191776381572708,male,1,1,1,-1.968396970018405,-1.7987717953187676,-4.316294062909784,-7.275887909148105,-12.62619985532985
295,1.6895631469018533,-1,0.7325027090136267,14.223641093121842,female,1,1,0,-0.1531872698959389,1.3791247936424906,1.1473655789366604,1.054301825363742,2.7595927458999725
296,1.9059954447952876,-1,0.642895672209644,14.765183692798018,female,0,1,0,-0.2805409169897316,0.7565333075757019,0.243858979942322,1.0014895780859745,1.7465774530556442
297,0.4750130152711556,1,-0.00525957030381699,12.1842164802365,male,1,1,0,-0.21252889635887387,-0.7884170816848308,-0.3221521626775537,-2.585691284521215,-2.894111720711707
298,0.9456430603626944,-1,0.6052461623614864,12.230786683503538,male,1,1,0,-0.06369187290106744,-1.2161174721207757,-1.4353120302499198,-0.4226007439333881,-2.5293112969402047
299,1.4711888008207032,-1,1.9968773895705485,13.10078085400164,female,1,1,0,0.34524230920387133,-0.29320925479575793,-0.06845134695158064,1.3891229662313958,1.1797479912599258
300,0.6151417936980327,-1,0.1851178233050399,14.565915956161916,male,1,1,0,0.8622118978232594,0.5763812425081588,-0.4306327635832488,0.3312348642918937,0.9387414243632348
301,1.7137932332934136,-1,-0.9504011109998788,14.756002677837389,male,1,1,0,0.2039278603841928,0.691780462809826,0.0195369317893822,0.5473659471074085,1.247691561302114
302,-0.0377378084233595,-1,0.03559038483409165,12.13074028166011,female,1,1,0,-0.4316375904986522,0.20160036691370553,-0.2876511517916124,-1.1375426431169966,-1.937267091859975
303,0.1425933448997603,1,0.2602589255357407,12.330181666882709,female,1,1,0,-0.5699994950911729,-0.4018982469779892,0.05777773839861677,-1.232978512806875,-1.1126427120268838
304,0.20460081473253977,-1,0.4183586599227382,13.536905084503816,female,1,1,0,-0.2829846651535411,-0.2925742187656809,0.3606252209504845,0.607650119445581,1.5568990286229203
305,-0.4702210675259738,-1,0.3400082415136542,12.834173130104318,male,1,1,0,-1.5440567253213104,-4.592373636529139,-4.998072968512013,-8.374022302760045,-14.651980687668589
306,-2.1952413243802416,1,0.7760300086613623,12.34862293372862,male,1,1,0,1.0120355836012882,0.1366419773012949,0.312396981665908,2.183685135527446,3.5044817343503216
307,1.6405503997165731,1,-0.972300177518574,14.371633671456948,female,1,1,0,0.12048964922393068,-1.1144025664095372,-1.314575393334188,-1.7129402661161428,-2.5232641075431785
308,0.9362606106438428,1,-1.0055112019103014,13.5563014280051,male,1,1,0,1.160099434630086,0.5762710543890384,3.2348996924678772,3.6089337818499727,5.293377262890026
309,1.127034050708606,1,-0.25235455331265794,12.256338719744235,female,0,1,0,1.0746113918369755,2.0907395147793166,2.3778334428845693,5.590297743673322,8.323491142742247
310,-1.5330559886842026,1,-0.9300147163325329,12.7553706492763,female,1,1,0,0.13714337815702712,-0.20537442332253453,-0.3500802339030773,-0.6162060746654313,1.813456435534935
311,0.646697027969389,-1,1.279876120897356,12.518170166993514,male,1,1,0,0.1930248909258851,0.9859921328419412,0.9464512106593104,1.1532701212510332,2.089894190069292
312,-0.8713518878473357,1,0.5640952557934726,13.79713414167054,female,1,1,0,0.2073794064992822,3.2268003556097034,3.262535860564471,3.647184533798819,8.272411024261553
313,-1.1979975418300162,-1,-1.0138514382678254,14.842171813594176,female,1,1,0,-0.5084561682741044,-1.471782430617478,-2.0298049631838535,-2.63863842552123,-4.516483423342217
314,-0.2746281219981708,1,-0.26932531538790067,13.65678558521904,male,1,1,0,-1.350949071674369,-1.722319810061408,-3.1306202483637366,-5.222071483942427,-9.635277491461428
315,-1.0078020226619286,-1,0.10472122589304894,12.908147979760544,female,1,1,0,-1.516166534280705,-1.4295982101275355,-1.443422426749987,-2.357650475930609,-4.354093454112441
316,-0.5995101918304501,1,-0.5688725777278826,14.624495971016586,female,1,1,0,-0.17071026610196866,-0.4133715278128631,0.21920965169556303,1.0877033164163712,0.04361733967583547
317,0.7914798479742805,-1,-0.5341853976082996,12.90672874613665,male,0,1,0,0.07495563036430904,1.15255268734481,1.824070256528214,2.6956303260756904,4.703715144527549
318,0.9955015301665148,-1,0.6621840220461704,14.986481776926666,male,0,1,0,-1.78725931577528,0.10942174207006984,-0.3377516840726502,-0.5348706361469788,-0.3645231126887938
319,0.01437415252997257,1,-0.8480855746320046,13.648228274658322,female,0,1,0,0.8314073403001313,0.17775765132489285,0.6635825096147596,4.13765759315374,4.536306957652763
320,-0.36582220375693875,-1,-3.14619479861165,13.927336377091706,female,1,1,0,1.072435985046016,0.970121389465468,1.6916405167455235,2.166726880172492,4.831939750813979
321,0.4086914975130363,-1,0.5507460457102066,13.801412636647,male,1,1,0,-0.55533206790312994,-1.1911820280188312,-1.8304631752745464,-2.8721002793287145,-6.502329581875371
322,0.1417438066222573,-1,0.49442595838460984,12.91985731688328,female,1,1,0,0.589703483612018,-0.272512809092053,0.43760131745839304,0.01954872026731646,0.619202477336645
323,-1.9099855616615509,1,-0.5915260901177316,14.63518557138741,female,1,1,0,1.7382462980742186,1.912506698061399,3.8321000462988,7.390115237765122,10.88086460029571
324,0.5424603760061208,1,-1.1373898793795831,12.846782956738023,female,1,1,0,1.0162573056605535,0.988732337343898,1.0882117943884002,1.982356024719098,4.263595928476453
325,1.643163091068959,-1,2.3389323722070854,13.726326015545055,female,1,1,1,1.16730229089639,1.1447360948948129,1.6120150537622644,2.020388633507074,3.763992247116988
326,1.7158318661482146,-1,0.5344675091114536,14.02576254797168,male,1,1,0,0.8101822325723721,1.7780512761873903,3.2407564661964017,4.04035384265989,7.541400436454556
327,0.362775247878685,1,0.22113109440116097,14.634224876761436,female,1,1,0,0.5317559802659232,-0.2767463694182431,1.5366251282852668,0.00884529819119039,1.5352146704035774
328,1.9390225025811112,-1,-0.6527410693617663,13.953890279168265,male,1,1,0,-1.1162782255480324,1.8689758518802253,0.0013002284700746,0.723685197825015,0.3454002621266161
329,0.29433515575884295,-1,0.44520689404738384,12.14264300535433,female,1,1,0,0.26215313168752297,1.7853158097197244,2.950485040112492,3.5962349594118015,3.722815026916048
330,-0.6118608032877485,-1,0.4605907109199917,14.38713685143739,female,1,1,1,-0.5331246572831356,-0.3861319633733625,-0.8217517069176382,-0.8887552824116031,-0.973593055665698
331,-1.4329047753845168,-1,1.7704293342041886,13.726098474115132,female,1,1,0,-1.0314513960790317,-2.2247094191495154,-3.4646672737085944,-4.606625783632813,-9.409676498351727
332,0.5390103326588055,1,0.6110930293576269,14.824394753202796,female,1,1,1,-1.7450817734005353,-1.0898035331579594,-1.749570963742011,-3.214952847260746,-5.823147463475965
333,-0.2464512082329452,-1,-1.7744822220799987,14.987530725309623,male,1,1,0,0.09281960849077928,1.8701836070219815,0.7887971575123932,1.922708882215239,3.428722476036482
334,-1.8451550408517536,-1,1.4764675323729777,14.506875183200464,female,1,1,0,-0.15971095872999735,-0.23410239397899263,0.5466561483948202,0.06543569051749726,0.0081173663408976
335,0.4435841329535212,1,-0.4552564591426061,14.302964555332435,female,1,1,0,0.9416716872158556,2.444433144478403,2.3661237713025196,1.9905778181992595,6.694262669324153
336,-2.9640232454027418,-1,1.7695428436285472,13.791518240701407,female,1,1,0,0.35331515671731706,-1.4605523585423092,-0.7882625995712822,-0.8259299557670147,-3.7130305896435982
337,0.6709190789127274,1,-1.1063660399348716,14.85632263496518,female,1,0,0,0.7554122360883802,1.3971988719492403,2.474659136870006,4.320828485948457,8.250355554896492
338,0.51859406041604,1,0.43803422296908257,13.980775970499964,male,1,1,0,-0.3839482849299188,1.4368771022935836,2.164762714706473,2.4789543533962863,4.957670595176637
339,1.2038333641944712,1,-0.6901723693052334,14.962160797789693,male,1,1,0,-0.05713083419692118,1.364235278406549,0.5209453843708562,3.128697707454127,3.399352103946166
340,0.450119560027156,-1,-0.14874543597982684,13.221405008342115,female,1,1,0,0.3360888858369288,2.7430424639932784,1.4417242301420972,3.7638580606588063,6.232612119294173
341,0.20391038456824268,1,1.6334632879433997,12.570282339351252,male,1,1,0,-0.9295093147983946,-1.2407850373025957,-2.5677727076872943,-4.546750709373204,-7.644740187117266
342,-0.3226457045522942,1,-0.5250366127094209,13.14090857701376,female,1,1,0,0.791815549461007,1.1306118830035945,2.08664512632183,1.5379976351164055,3.2744939168052927
343,1.2579886842712076,-1,0.6470364392159815,13.415243576047942,male,1,1,0,0.5660578348426295,0.11230413189344712,0.8597913695329649,2.7145870912736205,3.3263859734668006
344,-1.1663535561631313,1,1.132463675542594,13.75671839620918,male,1,1,0,0.10205825123199044,-0.7500853426126267,1.3438036858696547,0.7826267245531866,-0.03998126971415239
345,-0.6959462291245911,-1,-0.36077354451490296,14.969722820213065,male,1,1,0,0.19247669850912827,0.30148074621472387,1.0491665387294058,0.5719644391455518,1.081647256339989
346,1.2775218699519608,-1,0.3741158207617756,12.523900244152172,male,1,1,0,0.3434917928269427,1.3727388126267253,1.1914156357999273,3.1039790197271246,4.714783133342437
347,0.1313009759411853,-1,-1.4452633243542254,14.57993768225424,female,1,1,0,0.25346423871935725,-0.33789134739318405,0.6514442069281361,0.00501121724779918,-1.3941468455513046
348,-1.0312531865699444,1,0.6617633919118987,12.584511971566826,male,1,1,0,0.4080079478156822,0.7037417522249805,1.2481283039499165,2.3748120212923496,4.174842532592856
349,-1.33164122891658,1,0.00760772105852258,14.482916110893711,male,1,1,1,1.707268481811378,0.5576349136495484,1.3188328803882936,2.923317378233983,5.716566451369352
350,-1.4478274172096623,-1,-1.3463417930471846,14.488911734428257,female,1,1,0,-0.3911259228148522,-0.3609091611882063,0.536340492597411,-1.1547047609259975,-1.362024065026319
351,1.4365950604335236,1,0.12397435434013349,14.42012532055378,female,1,1,0,-0.5767984388733944,0.9943813238394802,0.7067741684558798,-0.21298884752166425,-1.315425745075551
352,-0.6567455806989643,1,-1.209065347281417,12.023367145797238,male,0,1,0,-0.7870076216331715,-0.46687405486977984,-0.9547629973382096,1.0463646173059886,0.30073112749462494
353,1.5082195851731188,1,0.07440293799947661,13.795371923362836,female,1,1,0,-0.8523162408668087,0.10953497201089946,-0.7373811208462903,-1.8020392492181216,-3.2632355983932975
354,0.12518861265827144,-1,1.608675113434578,12.30922256782651,male,1,1,0,0.3051649961499366,1.7664858138971695,3.5052009363099206,5.123262010768661,10.066247692247314
355,0.3683285858206977,1,0.18771986009051608,13.955383207183331,female,1,1,0,0.0022477927253693,0.920073825655244,0.00611730452414149,0.878925715402021,2.2192551644133407
356,0.20755401727106715,-1,0.9735239268771294,13.71880993503146,male,1,1,0,1.0230933293389834,1.6020376227796125,1.2868768606699073,1.8573811015581323,2.5653212001004433
357,-0.7680317027173326,-1,-1.4188005800135066,14.657513097161427,female,1,1,0,0.7749361390929956,0.5564960770904717,2.430044095791745,2.327368051291282,4.833913578578526
358,-0.7276089912333242,-1,-0.31662716860198126,13.64103833050467,male,1,1,0,0.06114541731255375,-1.27004746566442,-0.08773309026066123,-0.07251707249733508,-1.5804208404189164
359,-0.6061313722708692,1,0.5032315709053377,12.603438424877822,male,1,1,0,1.0330659757841103,1.3055375502975213,2.226906908666981,2.2765358337224493,3.815829349059808
360,-0.32604272614016266,1,1.6231187866125367,12.881579309469087,female,1,1,0,0.6917841252922491,-0.6600881857107292,-1.2629665397058347,0.03135383065874897,-1.330517187749432
361,-0.7326903867116137,-1,1.009238546283878,13.124656260246413,female,1,1,0,0.14004469287543458,0.35753609124585556,1.3251737983581822,1.314942147362573,3.7652781573482166
362,0.8833686289822521,1,0.460377025159485,12.75682562822476,male,1,1,0,-0.387376649479723,0.6626773950842441,-0.5168743680410431,-1.5841688395723628,-2.8731026346272164
363,-1.0711215608479807,1,0.3857299396860463,14.798577295616267,female,1,1,0,1.519406308921757,2.2211471256239665,4.733681069175883,6.356096671433379,13.464423976148716
364,-0.722941009133855,-1,-1.256236217644311,12.899404868250713,female,1,1,0,-0.8836228940028814,-2.3682897966821805,-1.4875357772887163,-3.5628742934729556,-6.066824118313658
365,-1.0572566894295474,-1,-2.0327368003246473,13.4952810772229,male,1,1,0,1.856488826592638,0.6717753629382806,1.4202163649659547,4.162474435446832,4.588265412567386
366,-0.4456372906313916,1,0.9082162743519756,14.349464535014704,female,1,1,0,-1.6021663688287964,-0.7009537745430832,-0.6074543998393243,-3.8847904030671576,-7.664556767728518
367,1.444368408028076,-1,-1.0606539411435796,12.138099518604577,male,0,1,0,0.7030107858431496,-0.08673551884070407,0.5289592885288221,1.197852708765591,0.914555785833462
368,0.2954966237963894,-1,-0.4670603963321907,12.54983177455142,female,1,1,0,-1.6866456878775342,-3.8863979039130703,-3.5647881797175933,-6.045507488595742,-12.330163287764854
369,-0.4669276050202956,-1,0.2199055656495007,13.465504445135592,female,1,1,0,-0.7994496937486478,0.6535193551893461,0.3011612790662721,1.409163623179616,1.276026938605531
370,1.0322975759501276,-1,0.04893209053423673,13.167221344308928,male,1,1,0,-0.8339104547009668,-1.1521087085824986,-2.0124861293071725,-4.031933171741659,-7.180137855027738
371,-0.7037109716507647,1,1.552785720010867,14.250799185130743,male,1,1,0,0.16783691748112337,-0.28280830769156073,-1.7214139926404743,-1.3871031300029046,-2.583890217024101
372,-1.0640222161862358,1,-0.01795873913311857,13.5149781354703,female,1,1,0,0.6889060442582431,0.14853748510006082,0.1871907047917255,1.55109671705454,2.8234281229760065
373,0.4587484950183562,1,0.16472513230480634,14.096777209080756,male,1,1,0,-0.7344087722938859,-0.824472015030466,-1.3911691829598818,-2.9942958975278144,-4.805562127479482
374,0.18800059017071907,1,-0.37397812442614986,12.967114745406434,male,1,1,1,-0.1866077932457043,-0.2860597937164764,-0.675567586867591,-0.7110123246129967,-2.862872309103092
375,0.7264127897402043,1,-0.07210774993781238,14.318215634208173,male,1,1,0,0.1846799075622678,0.6332586173662265,2.0988698736853326,3.036829239786825,6.180735934189271
376,1.3624955144097204,1,-2.0888382765819284,12.89562906115316,male,1,1,0,-1.720109121105289,-1.4662692632175018,-3.101956369394734,-4.288230574715211,-6.503611651813197
377,-0.3358928864778724,1,0.5983304602925105,14.92661555064842,female,1,1,0,1.3841947005262276,1.232349421410481,1.5018499415421571,3.797992392112584,7.330535111954985
378,-0.5529198703761911,-1,-1.5600209447748707,13.84138622833416,female,0,1,0,-1.6453805803948252,-1.4066869279216052,-1.680033836601739,-2.573324261729036,-5.198910809303775
379,0.28302613546450445,-1,-0.18251517808971093,12.418017463758588,male,1,1,0,1.2123678360250785,2.2240046768613406,0.4947011534293933,2.186495419735698,6.445599612526432
380,0.4243230007376546,-1,1.3615028182633435,12.240782090462744,male,1,1,0,-0.4695539324787387,0.27242920540041793,-0.33401546013632066,0.9806271513415028,0.4207714626455169
381,-1.0590658800209791,1,0.4153232723755953,12.685630816267803,male,1,1,0,0.11114293720202688,1.1773687411789435,1.6165124758951692,1.391780636770093,3.2298441073189044
382,0.00195604582987107,-1,-0.06693871561815774,12.802788006607445,male,1,1,0,1.1798005120510962,1.565843399532048,3.784566186934837,5.511734945215973,11.503313723915593
383,-0.3396155529828942,1,-2.6616503660055786,13.92837775312364,female,1,1,0,0.3782631739163438,0.8268875236009889,-0.4585316659914072,0.6614384597032402,0.733210742979873
384,-1.67311052241118,1,0.03016343086459594,12.578312133438883,male,1,1,0,-0.2827945296695666,0.233699107108525,-1.4782151911891377,-2.7559079602873777,-3.040555768904434
385,-0.33869585756296,-1,-1.5131718980128681,14.347993903560564,male,0,1,0,-1.584500849854738,-1.614745761375879,-4.099793040113959,-4.016874748430585,-8.692621231592408
386,-2.047477561646727,-1,-0.8283166515223382,13.971089800586924,female,1,1,0,0.6471084582632735,1.1697375073200278,1.0246296785420108,3.078636738421313,4.806595435745367
387,-0.5077995397338827,1,1.1524673724431287,12.371953256428242,female,1,1,0,-0.24691518912668467,-0.15617501616584317,-0.8794886307978436,-1.792238078900131,-1.4133884874481049
388,0.28910796851191106,-1,0.3139931621944961,13.952461000531912,male,1,1,0,0.2234360474683214,0.9403537048894696,0.29745590734987293,1.497886834559855,3.103777387904767
389,0.9784103468288782,1,-0.5063759474626331,12.02752764034085,female,1,1,0,0.46198838113784346,0.42340717919669024,0.7088320821879475,1.3928104680774132,-0.5564732679939284
390,-0.472277112607824,1,0.0484292941567634,13.704906155588104,male,1,1,0,-0.01245316832896932,0.7216526506123984,0.08861279794779892,0.39868022890754473,1.023609022010019
391,-1.8395781763466392,-1,0.3812892620965897,14.97421012655832,male,1,1,0,-0.02494366910733478,-0.4911572374953137,-1.3779642331591757,-2.8191433231019545,-5.255904437413765
392,-1.4599811337798436,1,0.6170931091218261,13.066436978057029,male,1,1,0,-1.119805117871851,-0.454786405745861,-1.9787469006333789,-0.7956163104687213,-2.287232961499576
393,-0.7787601519529163,-1,-3.1250695765462218,14.915110954781994,male,1,1,0,1.1617477524223847,1.887345640639072,2.240347827854582,5.363166727419834,8.145100238041703
394,0.21567739434849584,1,-0.18255793559708625,13.285445203771816,male,1,1,0,-0.03714619148524858,-0.8539242328334202,-0.6316127538683476,-2.479585727711168,-3.344535060716596
395,1.595147882517993,1,-1.6634531928601135,13.03446160024032,female,1,1,1,-0.17203138570639837,0.2242966450633495,2.533730353652937,3.669093628864377,5.41056299792789
396,-1.427055805382602,1,1.981459404567801,12.80818181927316,male,1,1,0,0.24650143693935833,-0.7735426127774836,-0.131560461596534,0.07687892204912616,-0.11224484737998867
397,0.36986016185900256,-1,0.2849695967091108,14.614012124715371,male,1,1,0,0.6060636150132764,0.8445236649957695,0.1643908155753715,0.5450670198397437,1.8335956530572524
398,-0.39365380800032496,-1,2.1929374800075094,13.387624330585822,female,1,1,0,0.45668745629211815,-0.39009422739339894,-1.288562265642071,-1.6886486032891757,-3.1916325296543033
399,0.7080812205211173,1,0.31461132783831136,14.501337852096183,male,1,1,0,-0.9202653637847068,-0.7728004422370305,-2.7448666579091383,-4.479286219098034,-8.178686785585201
400,-0.3399205500357614,1,-0.33100973437677106,12.232377966865895,female,1,1,0,-2.180352766738729,-2.902557084458109,-5.05633590827706,-6.965164597929807,-13.939468099836247
401,-0.898986533048204,-1,-0.391547417456445,13.722239234251902,female,1,1,0,-0.2749678619828185,-0.3371564502473158,-0.9474591692319084,-0.25920349339528115,-2.053651591389911
402,0.6686285009500443,1,-0.406405222218699,13.549856662983077,male,1,1,0,1.4657302115985054,0.946790203363772,2.870015622014135,3.066628178893801,6.347530489069865
403,1.4215592269569464,-1,3.0020144402832987,12.79268355946988,female,1,1,0,-0.65201618687127,0.05876377005036648,-0.6184304643409979,-0.40324925832814307,-0.5040941079643488
404,-2.645912725473953,-1,0.5252292232446012,14.12883285828866,female,1,1,0,-0.40122317427462634,-0.7992645751226588,0.9759667021269336,-1.6259323782533002,-3.6318733435081096
405,2.3443601339771787,1,-0.6705050063016265,14.576648832997307,female,1,1,0,-0.447396615754472,2.485757694777451,1.7604545314827205,2.260113013515645,5.590079758139273
406,0.197312402323194,1,-1.2689818145771792,12.015572072239593,female,1,1,0,-0.14111492862035444,0.29707513213362324,0.42736471304059515,-0.37465047464089674,0.0234603547015117
407,-1.1234197053214947,-1,-1.493299652745158,12.94503816543147,male,1,1,0,-1.1043291658756236,-0.4715803978146419,-2.2246470749293343,-2.8415800644168847,-6.324335866544854
408,-1.0352807717170234,1,0.8633085047712561,14.43025629222393,male,1,1,0,0.4486459451174807,0.397590088569684,1.5238495265332237,-0.08380413908763429,1.6671485757192823
409,-0.9812645995509224,-1,0.9503746170392252,13.669720630394297,female,0,1,0,-0.3463129829810808,-3.010581198028196,-3.373392566698153,-5.989149341978569,-9.19383500937311
410,0.3101851334181007,-1,0.28772720639568666,12.74039702047594,male,1,1,0,0.1521139495651485,0.8541868478296851,-0.5709275797680144,2.0965383303406795,1.0736117188344656
411,-0.33389438764516555,1,0.7037867180096292,13.306672858307138,female,1,1,0,0.1206466020363615,-0.06122915688273817,1.31315431454931,1.3528947113233634,4.454777409197674
412,1.475002803215689,1,-1.7535048039232026,14.514371797442436,female,1,1,0,0.4176974197676549,1.1669622635278905,0.7291793654834461,1.9577707898636392,4.65148605855335
413,1.411726350553172,-1,1.2791129486632258,13.079359722789375,female,1,1,0,0.01480181695707146,-2.555991930740042,-2.343513111282827,-4.056668199521475,-7.799037279732233
414,-1.463345674122379,-1,-0.7197114016603692,13.200997370760888,male,1,1,0,0.5524610918139768,-0.6173586275811533,-0.7230246446092914,0.5885496064601915,-0.5270842901571602
415,-0.8639102917517679,-1,-0.10600685598831831,14.988808119669557,male,1,1,0,1.5303362612128546,1.0097316802426213,0.9044879073385416,3.5389594703110037,6.154052986616374
416,-1.3239013557193569,-1,-0.4205496684093885,13.292588749201968,female,1,1,0,0.31976166144479024,-1.1446818580167566,-2.4732020743105134,-3.2988374308256567,-5.955508786847233
417,0.7040166915252096,-1,0.94526617215225,12.423132321797311,male,1,1,1,-0.16426548318543915,0.13102914494514642,-1.3092494158437766,-2.089422279818704,-4.560980711404719
418,0.2449473191972456,-1,-0.07572472696365168,12.592548918910325,male,1,1,0,2.000767176353523,1.1040967463390658,3.429536312666613,6.658586075636594,8.331583791091541
419,-0.7776470404219469,-1,-1.0361090978495275,12.371724772732705,female,1,1,0,-0.808905253951945,-0.805730568083644,-1.646856903497169,-3.7910989674677418,-6.727032652345925
420,-1.1705216569446104,1,0.17001586656734352,13.954761161701754,female,1,1,0,-2.003695745704129,-3.2958240301823283,-3.1022753691826823,-4.891923208749165,-11.697700510337182
421,0.3149482378551051,1,-0.20277828978599827,13.462420229567217,female,0,1,0,0.7363299173653857,2.261559309659067,1.0000531043472898,2.8930185574858,7.982009148369125
422,0.9512240108807488,1,-1.741943666122227,12.22865352057852,male,1,1,0,-0.26051528356708586,-0.14290822911869225,-1.2954907511014508,-0.1452146543706763,-1.4745545328183025
423,1.588746678486493,-1,0.8252279256794884,12.94822058896534,male,0,1,1,-0.9393561645700774,-1.054000263277893,-1.9516132795335803,-4.386602391647212,-6.694734104378504
424,-1.600809938712621,1,0.0816758021471562,14.517328085610645,male,1,1,0,-0.1223073113735027,-0.03325932986971802,1.0365758709754502,1.4422062239574407,-0.3745800367204033
425,0.6516861725294065,-1,-0.6158525746646311,12.81093435245566,female,1,1,0,-0.5435016227159161,0.32630593183099693,-0.38863533991926,0.09266571437659817,-1.0926591229806166
426,0.28793822192518836,1,-1.0359779153035615,12.216896223602816,female,1,1,0,-0.7790224030709756,0.8189158578666157,0.16513177452189126,-0.3728281784289621,0.7777002939672147
427,-1.329584973783077,-1,-1.487203370806951,14.204745821189135,female,1,1,0,1.6056350205113328,-0.46990225890804527,0.01821754833493449,1.4277271430081866,1.772693103941381
428,0.6589549485464854,-1,1.4224010736657993,14.765771590406075,male,1,1,0,-0.03647637289150909,-0.00912104691907785,0.6600339599476048,0.7518832026914988,0.27104968841995525
429,-1.0274367913807128,-1,-0.697566161509674,12.238259304547682,male,0,1,0,1.015807647158533,2.282134389038848,1.493057791034922,4.26288233561119,4.379221597240223
430,-0.9712664457762028,-1,1.3410463723885626,12.578667138470337,male,1,1,0,0.06712603687053978,1.2778527867799871,2.6233611252343154,2.4665098945397785,5.286944330056867
431,-0.22617603784894655,-1,1.6322261395766235,14.119869441725314,male,1,1,0,-0.7375246896157834,-1.0025200070724112,-2.1981702269569796,-2.627725754299,-6.357311039622729
432,-0.8161075047800254,-1,-1.075607861851282,12.672589132329447,male,1,1,0,-1.4756731395615674,-1.5552387848095957,-2.9353876842195263,-4.0290846867935866,-9.330260556386206
433,-0.8306829909795085,-1,0.6950936054092887,13.828816620167345,male,1,1,0,-0.5660300733916854,-1.2878209623800208,-2.071094645770828,-1.0685944362669697,-3.610954146791856
434,0.5502615063041765,-1,1.8940471036501525,14.941445489879698,male,1,1,0,0.10499132371864307,0.419145969117236,1.4491521980360216,3.5575074743304453,5.804624730647825
435,-0.3709981392474107,-1,1.840593982322115,12.99106651218608,male,1,1,0,0.47105629689831446,0.23757955728201444,-0.19211207223650884,-0.0869961394611325,-0.6203399543292182
436,2.0845790117918757,-1,-0.20644921518724912,14.600204763002694,female,0,1,0,-0.26971919437938563,-0.13056660208211798,0.34975124303875305,-1.4673370449185985,-0.2561382461514152
437,0.7658857072265342,1,-0.9492885645919488,14.025223354110494,male,1,1,0,1.04598050538129,0.34609031740224394,0.4382790087083509,-2.7526522460325547,-0.15120281612178244
438,-1.281455872590087,-1,0.6949116072973475,13.075251512462271,male,1,1,0,1.4786036762851629,2.06978994331111,3.4785898551346985,5.9963051228792255,10.177545509504816
439,-0.902610518754864,-1,0.4807352774195968,13.913801418151706,female,1,1,0,0.6658525700290582,1.842488591440527,1.5961675419625416,1.774250047565911,4.810290363203683
440,-1.405781883684965,-1,0.5470326681500217,13.426321041304618,female,1,1,0,2.1690354446021876,0.9933717145147806,0.5849925308305328,3.2324560363847348,4.680774906514621
441,0.995141914134772,1,0.17416594414572084,12.183053898392243,female,1,1,0,-0.2528278897443316,-0.6675731462134228,-0.9701473357037168,-3.0340234765279157,-5.480426869968154
442,0.693643009938775,1,2.11016713166082,14.900045602116734,male,1,1,0,0.2660491711266079,-0.6097978948922753,-1.09103668647704,1.6940335048968922,0.7815892343797002
443,-0.47512716207060435,-1,2.2683268230464004,12.60885361628607,male,1,1,0,-1.397082959220354,-2.759576536241872,-5.237990152282364,-8.06821431036199,-14.07077973169997
444,-1.045888823703831,-1,-0.5562712355664052,12.489280027337372,female,1,1,0,-1.0156698156808386,-1.6876996614477957,-3.5195741037662964,-3.691368232161272,-7.317028430655778
445,-0.6892997815475845,-1,-0.8531317671211864,12.453377884346992,male,1,1,0,0.676434532883376,-0.5516871622666208,-0.1396870788423168,-1.0272843525369753,-0.04575462748207737
446,-0.6043601815087509,1,-1.5324578165929683,13.845498607959598,female,1,0,0,0.12280569791608588,-1.2178773048132037,0.05344568963626606,-0.7866464255214802,1.2029124453528746
447,0.3633997897702133,-1,-0.07511641892799874,12.592810017988086,male,1,1,0,0.3701600725443731,-0.02424709612756331,-0.06916782549805894,2.032152461107803,3.994221273458277
448,0.9736855627952358,-1,1.784039250391307,12.81581333046779,male,1,1,0,0.3870993924612744,1.0777621022361774,0.8114758110192201,2.8197336530972725,4.494400337809001
449,-0.4241744289862012,-1,0.8427120121912759,13.462251578690484,male,1,1,0,-0.2911621095193663,-0.8468181783876795,-0.4646120645282889,-0.9202160543525856,-2.262967182634368
450,0.36299999628592977,1,0.9809512570554784,14.587512916652486,female,1,1,0,-0.22494800280065555,-1.0760388960378873,-0.6841363952066605,-2.8320406531315214,-3.6655705656124424
451,0.5611726731114924,-1,-0.9516615561219376,13.620364339789376,male,1,1,0,0.6867574074557704,1.8891869260934544,1.1417085781613583,2.5965218711762894,4.100556712686966
452,0.5624331495481116,1,-0.4239527165416366,14.72963683004491,male,1,1,0,0.365207204767239,0.3997004370153498,0.2791033858062093,0.7003975529631437,0.8630838158217424
453,-0.37329735428473615,-1,-1.7536590344400866,12.658132306532934,male,1,1,0,-0.22748736960631435,-0.2851013060559903,0.7595428183327311,-1.900804101420664,-0.8164771303493054
454,-1.1310685200801376,-1,-0.5193310263422304,13.203402761137111,female,1,1,0,-0.6072997335374832,1.0840545848902503,-0.25363367113783697,1.1499741485654724,-0.28315946442355333
455,0.7279129772963764,1,-0.3850393065432646,14.918717402732,female,1,1,0,-0.7656509701572896,-1.0158429914153837,-1.2332671834507096,-3.541799842635677,-5.43147979932599
456,0.03624716697091058,1,2.209016327340203,12.155681436415762,male,1,1,0,0.5150217629791908,0.14526615018894995,1.5391322372504548,1.8861692026801264,2.3542366015659346
457,1.3825296354118877,-1,1.5216893069145745,13.256411763606591,female,1,1,0,-0.31497710109270294,-0.25457471371585944,0.5198903830065877,-1.172346602671679,-0.14374491440846293
458,0.37521077855927537,1,-1.6498337071955749,14.90244115004316,female,1,1,0,1.6555722411747995,3.4941251362034067,2.3240339263250536,6.154956285603129,8.169810234227448
459,-0.4112485910423094,-1,0.4163421979956548,14.902623566798866,female,1,1,0,0.8403232858985769,1.3063741802757036,2.5107190926597216,3.597057875941991,6.599656442053862
460,0.5247817891243657,-1,0.613424171074727,13.854925209190696,female,0,1,0,-1.0204324010144443,-1.1488253097141832,-0.8508886836973093,-3.0690530360906045,-4.633045943971394
461,-0.8785586265932749,-1,-2.568806099039865,14.088794477982448,male,1,1,0,-1.4983657501167291,-0.8159937971720496,-2.337001087745845,-4.089777409875762,-7.324886051431348
462,-1.3203524358948744,-1,-1.15359212543396,14.989155713003129,male,0,1,0,-1.5572756906065677,-2.3348027488636367,-2.9591303888667015,-4.461735037651531,-8.89039450423334
463,-0.927209751497927,-1,-1.8935420933725688,12.779469227185473,male,1,1,0,0.4305021525986602,0.6910546015316529,2.0736847407807417,1.4190372557807605,4.014351089937932
464,-0.8050410313156539,-1,-0.5228908868397145,14.96467799297534,male,1,1,0,-0.7348508884121034,-0.3146102670247089,-1.2796284197106162,-4.338078397018652,-5.885814568127298
465,-0.41106822764999545,-1,0.36158420310410794,12.538602322340012,female,1,1,0,0.15361085938627958,0.4031381586218228,0.4244748933693763,1.462381074532109,0.8738503980450667
466,0.271214073000649,1,1.286573634944748,13.398114980896937,male,1,1,0,-0.17122497591483396,-0.7779355177024632,-0.8642987550391641,-1.107940586002402,-2.880405273620198
467,0.3858580428610972,-1,-0.14330766500686715,14.573451477801427,female,1,1,0,0.04389667343587814,-1.0248319188582726,-1.2384115163004936,-1.9109443985530976,-5.493224398078932
468,-0.076764327292969,-1,-1.737415960620868,12.246727590216324,male,1,1,0,-0.8249563855760894,1.0467841516461749,-2.3567384813649785,-3.1801995943475587,-3.5943809006590013
469,0.44219849973811287,1,-1.379924230606185,12.70519294263795,female,1,0,0,0.8429865358440229,-0.5609626378229109,1.0346035594389076,1.126334101393678,1.6107828523391026
470,-1.115689619401864,1,0.20216126804494755,13.59088600287214,female,1,1,0,-1.137963691213448,0.4908766552440603,0.007247898740948,-0.664478621754334,-1.7578701725315908
471,0.15999216463634724,-1,1.013253595628151,13.774542992468923,female,1,1,0,0.913466091917944,0.02581989795036521,0.8754781113998928,3.771223329005035,3.987834691227984
472,-0.7015791758700975,1,0.9847114798829876,14.044034564634783,female,1,1,0,0.4379639368461164,-0.4352118641866684,-1.102907063257032,-0.9494688305316006,-0.6195853721535496
473,0.9191822485995756,-1,1.4632936108506958,12.287872951710597,male,1,1,0,0.1356834185007981,0.9121072397591452,-0.08826402984965376,1.7946700209444089,3.2150530112941293
474,0.05385057958448121,-1,0.01800410577607374,12.09286751342006,male,1,1,0,-0.7439526062430477,1.0910552705798948,-0.873902834169291,0.6378201009017596,-0.2827997356364632
475,0.495354091662198,1,1.200432852810153,14.331032152986154,female,1,1,0,-0.4907212176285606,-1.1866385498828451,-1.7443941618594097,-2.705485674717958,-6.163219544970219
476,-0.4454299847414035,1,-0.47982677083181025,14.472842233255506,male,1,1,0,-0.084568079737663,-2.288885293471836,-1.532426209390063,-3.5317757048447036,-4.50478929857316
477,-0.294910091697262,1,0.41829662498001385,14.643078135559335,female,1,1,0,-0.3865688963986004,1.2291423662314591,0.5578739392250395,-0.7698500228937053,0.934464333587112
478,-2.03352292569062,1,0.8782891931682488,13.672710607526824,male,0,1,0,-0.42246764723806635,-0.23827304808582908,-0.783627142210823,-1.02820920105733,-2.021024891232928
479,-1.2505227574122402,1,1.8708056610116448,14.343293879181148,female,1,1,0,0.925698594454899,0.3561315260310017,2.0026467190147668,2.803881493069816,4.9889571254690575
480,-1.0967722536195408,1,0.879913359063226,13.089043336221948,female,1,1,0,-0.254429444637252,0.7701064879844652,-0.22692305104232177,0.11657517903860964,0.40999671946998434
481,0.6966107350491543,-1,3.165171759022013,12.17404329800047,male,1,1,0,1.1166644575230928,1.9316939528149335,2.442659643715547,4.588313599853265,5.623119521074104
482,-1.0563577374099684,1,0.911069332074308,14.137963228393346,female,1,1,0,-0.5236864526370256,0.7853239289146757,-1.434448888204935,0.0820528274025153,-0.08486510267855585
483,0.28136944064569847,-1,0.14721583264578586,14.435430609388275,female,0,1,0,0.8598019545231347,0.5816703279363092,-0.1613088438272312,0.6695860904304916,1.9029263658454825
484,-1.2252043638947767,1,-0.08537285397862321,13.445197640452534,male,1,1,0,-0.997641686514347,0.2429376940581348,-0.7505509420716956,0.23221502681381856,-1.605087942756763
485,1.0939900838725178,-1,1.389601866466969,12.831459592329338,female,1,1,0,0.2356275992316992,-1.5364644236026863,-0.5533594715987138,-0.7779892173814581,-3.063630565400961
486,2.7536916968755603,-1,-0.8993095857193942,13.898611573968084,male,1,1,0,-0.3660746852479511,-2.3834600914182422,-3.0074487883979155,-5.1176778933566744,-8.91968373985813
487,0.6504801246965828,1,-0.4211594644935725,13.649321224540472,male,1,1,0,-0.8109154959381083,-1.80927872356026,-0.9811954154649654,-4.00901071257346,-6.203053453265288
488,1.72377336175237,1,-0.9994402116218564,14.400476432405412,male,1,1,0,-0.24191206202722487,-0.05589029981679672,2.272998239881627,2.5405956412977355,3.8447604033654743
489,-0.6235234486510908,-1,-1.4986481379694605,12.828452866058797,female,1,1,0,-0.3248597248768101,-0.7858543429061776,0.05629578483999553,-1.1667280087106104,-1.496447254492169
490,-0.4115638268217514,-1,-1.8701253711424537,12.265478937188163,male,0,1,0,0.7898170086817055,0.41046759563931334,0.5218829306170498,0.6850273508095902,1.9597694779939083
491,-0.17433514260915728,-1,1.8091340381900496,14.947769121732565,male,1,1,0,-1.6601585995015429,-0.3142269625388927,-2.6538453397287665,-2.768266070867489,-5.249949549455646
492,0.08638726725299159,-1,-1.0970868382585914,12.023234873078763,female,0,1,0,0.5764519020529956,2.453140197305875,-0.4794592313127204,2.683772506122788,2.6002788601462763
493,0.4774042164557522,1,0.3795873242317042,13.47906965506263,male,1,1,0,0.22362561818468984,-1.5237553320027044,-1.103631124164286,-3.365455905232463,-5.2783869361101114
494,-0.8469208733249998,1,0.2883615308271787,12.374178795609623,male,1,1,0,-0.977917666931278,-1.211993133451378,-0.7156426153480016,-3.391980218986296,-3.522563247013724
495,0.06664397022049275,1,1.0284790388775735,12.944512385409324,female,1,1,0,0.04789294431383964,-0.5749117278256151,-0.5204702315293187,-1.5242772567846463,-1.9606165686243768
496,0.5313854459517944,1,-0.8763439799573025,13.533045825082809,female,0,1,0,0.069942986957544,-1.956629360184834,-2.958328183451327,-5.332015410345742,-8.014120372215466
497,-0.6367342829137305,1,-0.01250435341704103,12.529259802075105,female,1,1,0,0.602921401661148,-0.4675545950005619,0.07890794735339457,0.6234401353247804,1.7559840214739904
498,1.1418645749657352,-1,0.4033185603419935,12.022826668806374,male,1,1,0,-1.7039292053120825,-1.7558445788447576,-2.2854164388756217,-2.992042272441356,-5.2899451982008525
499,-0.05485623182898103,1,0.04219620656452086,14.08240087539889,male,1,1,0,-0.5105449108004884,1.1301248269810025,1.5352403836309845,1.6416969562388568,0.7736255321096768
500,-1.8246039539490535,1,-0.7011733036394043,14.68035143846646,female,1,1,1,0.5807051844166118,0.9660142645170996,-0.6648440524868724,-0.660968004095081,1.58974286194991
